Workbook
Name allfacilities: Facilities!$F$1:$F$300
Name allfacilities: Facilities!$F$2:$F$300
Name Baringo: masterlist!$B$2:$B$18
Name county: masterlist!$A$2:$A$6
Name Kajiado: masterlist!$C$2:$C$36
Name Laikipia: masterlist!$D$2:$D$24
Name Nakuru: masterlist!$E$2:$E$106
Name prepnew: PrEP_NEW!$A$2:$AD$58
Name prepnew: TX_HIV_HTN!$A$2:$AD$58
Name prepnew: PrEP_NEW!$A$2:$AD$58
Name Samburu: masterlist!$F$2:$F$13

Sheet ward
A1: County | B1: SubCounty | C1: Ward | D1: Facility | E1: datimid | F1: datimname | G1: MflCode | H1: HTC Support Type | I1: Activity HVF | J1: Assigned to Who
A2: USAID Tujenge Jamii | B2: USAID Tujenge Jamii | C2: USAID Tujenge Jamii | D2: USAID Tujenge Jamii | E2: 11111 | F2: USAID Tujenge Jamii | G2: 11111 | H2: DSD | I2: 1 | J2: UTJ
A3: Nakuru | B3: Gilgil | C3: Gilgil | D3: =C3 -> Gilgil | E3: 10 | F3: =D3 -> Gilgil | G3: 10 | H3: DSD | I3: 1 | J3: Mbawi
A4: Nakuru | B4: Kuresoi South | C4: Keringet | D4: =C4 -> Keringet | E4: 38 | F4: =D4 -> Keringet | G4: 38 | H4: DSD | I4: 1
A5: Nakuru | B5: Molo | C5: Elburgon | D5: =C5 -> Elburgon | E5: 67 | F5: =D5 -> Elburgon | G5: 67 | H5: DSD | I5: 1
A6: Nakuru | B6: Molo | C6: Molo | D6: =C6 -> Molo | E6: 69 | F6: =D6 -> Molo | G6: 69 | H6: DSD | I6: 1
A7: Nakuru | B7: Naivasha | C7: Mai mahiu | D7: =C7 -> Mai mahiu | E7: 73 | F7: =D7 -> Mai mahiu | G7: 73 | H7: DSD | I7: 1
A8: Nakuru | B8: Naivasha | C8: Viwandani | D8: =C8 -> Viwandani | E8: 77 | F8: =D8 -> Viwandani | G8: 77 | H8: DSD | I8: 1
A9: Nakuru | B9: Nakuru East | C9: Biashara | D9: =C9 -> Biashara | E9: 78 | F9: =D9 -> Biashara | G9: 78 | H9: DSD | I9: 1
A10: Nakuru | B10: Nakuru West | C10: London | D10: =C10 -> London | E10: 81 | F10: =D10 -> London | G10: 81 | H10: DSD | I10: 1
A11: Nakuru | B11: Njoro | C11: Mau narok | D11: =C11 -> Mau narok | E11: 117 | F11: =D11 -> Mau narok | G11: 117 | H11: DSD | I11: 1
A12: Nakuru | B12: Rongai | C12: Mosop | D12: =C12 -> Mosop | E12: 128 | F12: =D12 -> Mosop | G12: 128 | H12: DSD | I12: 1
A13: Nakuru | B13: Rongai | C13: Visoi | D13: =C13 -> Visoi | E13: 131 | F13: =D13 -> Visoi | G13: 131 | H13: DSD | I13: 1

Sheet Prevention
B2: Facility Name: | D2: USAID Tujenge Jamii | H2: =IFERROR(VLOOKUP(D2,Facilities!F1:H300,2,FALSE),"") | I2: Support Type | L2: ='Testing Path 2 - HTS TST Mod'!K2 | N2: Period | O2: =VMMC_CIRC!A2 -> 0
B3: =CONCATENATE(L2,": VMMC_CIRC") -> : VMMC_CIRC
B4: Auto-Calculate | D4: Number of males circumcised as part of the voluntary medical male circumcision (VMMC) for HIV prevention program within the reporting period. Numerator will auto-calculate from the Age Disaggregates. | R4: {=_xlfn.UNIQUE(VMMC_CIRC!D2:D4)} -> #NAME?
B7: Numerator | D7: =IF(SUM(C12:P12)=0,"subtotal",SUM(C12:P12)) -> subtotal
B9: Required | D9: Disaggregated by Age
C11: Unknown Age | D11: <60 Days | E11: 2mo-1yr | F11: 1-4 | G11: 5-9 | H11: 10-14 | I11: 15-19 | J11: 20-24 | K11: 25-29 | L11: 30-34 | M11: 35-39 | N11: 40-44 | O11: 45-49 | P11: 50+
C12: {=SUMPRODUCT(($H$2=VMMC_CIRC!$E$2:$E$33)*(VMMC_CIRC!H$2:H$33))} -> 0 | D12: {=SUMPRODUCT(($H$2=VMMC_CIRC!$E$2:$E$33)*(VMMC_CIRC!I$2:I$33))} -> 0 | E12: {=SUMPRODUCT(($H$2=VMMC_CIRC!$E$2:$E$33)*(VMMC_CIRC!J$2:J$33))} -> 0 | F12: {=SUMPRODUCT(($H$2=VMMC_CIRC!$E$2:$E$33)*(VMMC_CIRC!K$2:K$33))} -> 0 | G12: {=SUMPRODUCT(($H$2=VMMC_CIRC!$E$2:$E$33)*(VMMC_CIRC!L$2:L$33))} -> 0 | H12: {=SUMPRODUCT(($H$2=VMMC_CIRC!$E$2:$E$33)*(VMMC_CIRC!M$2:M$33))} -> 0 | I12: {=SUMPRODUCT(($H$2=VMMC_CIRC!$E$2:$E$33)*(VMMC_CIRC!N$2:N$33))} -> 0 | J12: {=SUMPRODUCT(($H$2=VMMC_CIRC!$E$2:$E$33)*(VMMC_CIRC!O$2:O$33))} -> 0 | ... P12: {=SUMPRODUCT(($H$2=VMMC_CIRC!$E$2:$E$33)*(VMMC_CIRC!U$2:U$33))} -> 0
B15: Sub-total | D15: =IF(SUM(C12:P12)=0,"subtotal",SUM(C12:P12)) -> subtotal
B17: Required | D17: Disaggregated by HIV Status and Outcome
B18: Number of HIV-positive clients (tested HIV positive at VMMC site) | D18: Unknown Age | E18: <1 | F18: 1-4 | G18: 5-9 | H18: 10-14 | I18: 15-19 | J18: 20-24 | K18: 25-29 | L18: 30-34 | M18: 35-39 | N18: 40-44 | O18: 45-49 | P18: 50+
D19: {=SUMPRODUCT(($H$2=VMMC_CIRC!$E$2:$E$33)*(VMMC_CIRC!V$2:V$33))} -> 0 | E19: {=SUMPRODUCT(($H$2=VMMC_CIRC!$E$2:$E$33)*(VMMC_CIRC!W$2:W$33))} -> 0 | F19: {=SUMPRODUCT(($H$2=VMMC_CIRC!$E$2:$E$33)*(VMMC_CIRC!X$2:X$33))} -> 0 | G19: {=SUMPRODUCT(($H$2=VMMC_CIRC!$E$2:$E$33)*(VMMC_CIRC!Y$2:Y$33))} -> 0 | H19: {=SUMPRODUCT(($H$2=VMMC_CIRC!$E$2:$E$33)*(VMMC_CIRC!Z$2:Z$33))} -> 0 | I19: {=SUMPRODUCT(($H$2=VMMC_CIRC!$E$2:$E$33)*(VMMC_CIRC!AA$2:AA$33))} -> 0 | J19: {=SUMPRODUCT(($H$2=VMMC_CIRC!$E$2:$E$33)*(VMMC_CIRC!AB$2:AB$33))} -> 0 | K19: {=SUMPRODUCT(($H$2=VMMC_CIRC!$E$2:$E$33)*(VMMC_CIRC!AC$2:AC$33))} -> 0 | ... P19: {=SUMPRODUCT(($H$2=VMMC_CIRC!$E$2:$E$33)*(VMMC_CIRC!AH$2:AH$33))} -> 0
B21: Number of HIV-negative clients (tested HIV negative at VMMC site) | D21: Unknown Age | E21: <1 | F21: 1-4 | G21: 5-9 | H21: 10-14 | I21: 15-19 | J21: 20-24 | K21: 25-29 | L21: 30-34 | M21: 35-39 | N21: 40-44 | O21: 45-49 | P21: 50+
D22: {=SUMPRODUCT(($H$2=VMMC_CIRC!$E$2:$E$33)*(VMMC_CIRC!AI$2:AI$33))} -> 0 | E22: {=SUMPRODUCT(($H$2=VMMC_CIRC!$E$2:$E$33)*(VMMC_CIRC!AJ$2:AJ$33))} -> 0 | F22: {=SUMPRODUCT(($H$2=VMMC_CIRC!$E$2:$E$33)*(VMMC_CIRC!AK$2:AK$33))} -> 0 | G22: {=SUMPRODUCT(($H$2=VMMC_CIRC!$E$2:$E$33)*(VMMC_CIRC!AL$2:AL$33))} -> 0 | H22: {=SUMPRODUCT(($H$2=VMMC_CIRC!$E$2:$E$33)*(VMMC_CIRC!AM$2:AM$33))} -> 0 | I22: {=SUMPRODUCT(($H$2=VMMC_CIRC!$E$2:$E$33)*(VMMC_CIRC!AN$2:AN$33))} -> 0 | J22: {=SUMPRODUCT(($H$2=VMMC_CIRC!$E$2:$E$33)*(VMMC_CIRC!AO$2:AO$33))} -> 0 | K22: {=SUMPRODUCT(($H$2=VMMC_CIRC!$E$2:$E$33)*(VMMC_CIRC!AP$2:AP$33))} -> 0 | ... P22: {=SUMPRODUCT(($H$2=VMMC_CIRC!$E$2:$E$33)*(VMMC_CIRC!AU$2:AU$33))} -> 0
B24: Number of clients with indeterminate HIV status or not tested for HIV at site (regardless of previous documentation) | D24: Unknown Age | E24: <1 | F24: 1-4 | G24: 5-9 | H24: 10-14 | I24: 15-19 | J24: 20-24 | K24: 25-29 | L24: 30-34 | M24: 35-39 | N24: 40-44 | O24: 45-49 | P24: 50+
D25: {=SUMPRODUCT(($H$2=VMMC_CIRC!$E$2:$E$33)*(VMMC_CIRC!AV$2:AV$33))} -> 0 | E25: {=SUMPRODUCT(($H$2=VMMC_CIRC!$E$2:$E$33)*(VMMC_CIRC!AW$2:AW$33))} -> 0 | F25: {=SUMPRODUCT(($H$2=VMMC_CIRC!$E$2:$E$33)*(VMMC_CIRC!AX$2:AX$33))} -> 0 | G25: {=SUMPRODUCT(($H$2=VMMC_CIRC!$E$2:$E$33)*(VMMC_CIRC!AY$2:AY$33))} -> 0 | H25: {=SUMPRODUCT(($H$2=VMMC_CIRC!$E$2:$E$33)*(VMMC_CIRC!AZ$2:AZ$33))} -> 0 | I25: {=SUMPRODUCT(($H$2=VMMC_CIRC!$E$2:$E$33)*(VMMC_CIRC!BA$2:BA$33))} -> 0 | J25: {=SUMPRODUCT(($H$2=VMMC_CIRC!$E$2:$E$33)*(VMMC_CIRC!BB$2:BB$33))} -> 0 | K25: {=SUMPRODUCT(($H$2=VMMC_CIRC!$E$2:$E$33)*(VMMC_CIRC!BC$2:BC$33))} -> 0 | ... P25: {=SUMPRODUCT(($H$2=VMMC_CIRC!$E$2:$E$33)*(VMMC_CIRC!BH$2:BH$33))} -> 0
B28: Sub-total | D28: =IF(SUM(D19:P19,D22:P22,D25:P25)=0,"subtotal",SUM(D19:P19,D22:P22,D25:P25)) -> subtotal
B30: Required | D30: Disaggregated by Circumcision Technique / Follow-up Status
D31: Technique | J31: Follow-up Status:
F32: Within 14 days of surgery | J32: NOT within 14 days, or did not follow-up within reporting period.
B33: Surgical VMMC | D33: {=SUMPRODUCT(($H$2=VMMC_CIRC!$E$2:$E$33)*(VMMC_CIRC!BI$2:BI$33))} -> 0 | G33: {=SUMPRODUCT(($H$2=VMMC_CIRC!$E$2:$E$33)*(VMMC_CIRC!BJ$2:BJ$33))} -> 0 | K33: {=SUMPRODUCT(($H$2=VMMC_CIRC!$E$2:$E$33)*(VMMC_CIRC!BK$2:BK$33))} -> 0
F35: Within 14 days of device placement. May include device removal. | J35: NOT within 14 days, or did not follow-up within reporting period.
B36: Device-based VMMC | D36: {=SUMPRODUCT(($H$2=VMMC_CIRC!$E$2:$E$33)*(VMMC_CIRC!BL$2:BL$33))} -> 0 | G36: {=SUMPRODUCT(($H$2=VMMC_CIRC!$E$2:$E$33)*(VMMC_CIRC!BM$2:BM$33))} -> 0 | K36: {=SUMPRODUCT(($H$2=VMMC_CIRC!$E$2:$E$33)*(VMMC_CIRC!BN$2:BN$33))} -> 0
B39: Sub-total | D39: =IF(SUM(D33,D36)=0,"subtotal",SUM(D33,D36)) -> subtotal | G39: =IF(SUM(G33,G36)=0,"subtotal",SUM(G33,G36)) -> subtotal | K39: =IF(SUM(K33,K36)=0,"subtotal",SUM(K33,K36)) -> subtotal
B46: Facility Name: | D46: =D2 -> USAID Tujenge Jamii | I46: Support Type | L46: ='Testing Path 2 - HTS TST Mod'!K2 | N46: Period | O46: =PrEP_NEW!A2 -> 0
B48: If MER Results data is unable to be disaggregated by DSD or TA support type, please report ALL data under the TA Support Type.
B50: =CONCATENATE(L46,": PrEP_NEW") -> : PrEP_NEW
B51: Auto-Calculate | D51: Number of individuals who have been newly enrolled on oral antiretroviral pre-exposure prophylaxis (PrEP) in the reporting period to prevent HIV infection. Numerator will auto-calculate from the Age/Sex Disaggregates.
B54: Numerator | D54: =IF(SUM(D58:L58,D61:L61)=0,"subtotal",SUM(D58:L58,D61:L61)) -> subtotal
B56: Required | D56: Disaggregated by Age / Sex
D57: Unknown Age | E57: 15-19 | F57: 20-24 | G57: 25-29 | H57: 30-34 | I57: 35-39 | J57: 40-44 | K57: 45-49 | L57: 50+
B58: Female | D58: {=SUMPRODUCT(($H$2=PrEP_NEW!$E$2:$E$350)*(PrEP_NEW!G$2:G$350))} -> 0 | E58: {=SUMPRODUCT(($H$2=PrEP_NEW!$E$2:$E$350)*(PrEP_NEW!H$2:H$350))} -> 0 | F58: {=SUMPRODUCT(($H$2=PrEP_NEW!$E$2:$E$350)*(PrEP_NEW!I$2:I$350))} -> 0 | G58: {=SUMPRODUCT(($H$2=PrEP_NEW!$E$2:$E$350)*(PrEP_NEW!J$2:J$350))} -> 0 | H58: {=SUMPRODUCT(($H$2=PrEP_NEW!$E$2:$E$350)*(PrEP_NEW!K$2:K$350))} -> 0 | I58: {=SUMPRODUCT(($H$2=PrEP_NEW!$E$2:$E$350)*(PrEP_NEW!L$2:L$350))} -> 0 | J58: {=SUMPRODUCT(($H$2=PrEP_NEW!$E$2:$E$350)*(PrEP_NEW!M$2:M$350))} -> 0 | K58: {=SUMPRODUCT(($H$2=PrEP_NEW!$E$2:$E$350)*(PrEP_NEW!N$2:N$350))} -> 0 | L58: {=SUMPRODUCT(($H$2=PrEP_NEW!$E$2:$E$350)*(PrEP_NEW!O$2:O$350))} -> 0 | M58: =IF(SUM(D58:L58)=0,"subtotal",SUM(D58:L58)) -> subtotal
D60: Unknown Age | E60: 15-19 | F60: 20-24 | G60: 25-29 | H60: 30-34 | I60: 35-39 | J60: 40-44 | K60: 45-49 | L60: 50+
B61: Male | D61: {=SUMPRODUCT(($H$2=PrEP_NEW!$E$2:$E$350)*(PrEP_NEW!Q$2:Q$350))} -> 0 | E61: {=SUMPRODUCT(($H$2=PrEP_NEW!$E$2:$E$350)*(PrEP_NEW!R$2:R$350))} -> 0 | F61: {=SUMPRODUCT(($H$2=PrEP_NEW!$E$2:$E$350)*(PrEP_NEW!S$2:S$350))} -> 0 | G61: {=SUMPRODUCT(($H$2=PrEP_NEW!$E$2:$E$350)*(PrEP_NEW!T$2:T$350))} -> 0 | H61: {=SUMPRODUCT(($H$2=PrEP_NEW!$E$2:$E$350)*(PrEP_NEW!U$2:U$350))} -> 0 | I61: {=SUMPRODUCT(($H$2=PrEP_NEW!$E$2:$E$350)*(PrEP_NEW!V$2:V$350))} -> 0 | J61: {=SUMPRODUCT(($H$2=PrEP_NEW!$E$2:$E$350)*(PrEP_NEW!W$2:W$350))} -> 0 | K61: {=SUMPRODUCT(($H$2=PrEP_NEW!$E$2:$E$350)*(PrEP_NEW!X$2:X$350))} -> 0 | L61: {=SUMPRODUCT(($H$2=PrEP_NEW!$E$2:$E$350)*(PrEP_NEW!Y$2:Y$350))} -> 0 | M61: =IF(SUM(D61:L61)=0,"subtotal",SUM(D61:L61)) -> subtotal
B63: Required | E63: Disaggregated by key population type: Data on key populations should be reported in both the "Disaggregated by key population type" section and the "Disaggregated by Age/Sex" section.
B65: PWID | G65: {=SUMPRODUCT(($H$2=PrEP_NEW!$E$2:$E$350)*(PrEP_NEW!AB$2:AB$350))} -> 0
B68: MSM | G68: {=SUMPRODUCT(($H$2=PrEP_NEW!$E$2:$E$350)*(PrEP_NEW!AC$2:AC$350))} -> 0
B71: Transgender People | G71: {=SUMPRODUCT(($H$2=PrEP_NEW!$E$2:$E$350)*(PrEP_NEW!AD$2:AD$350))} -> 0
B74: FSW | G74: {=SUMPRODUCT(($H$2=PrEP_NEW!$E$2:$E$350)*(PrEP_NEW!AE$2:AE$350))} -> 0
B77: People in prison and other closed settings | G77: =SUMPRODUCT(($H$2=PrEP_NEW!$E$2:$E$350)*(PrEP_NEW!AF$2:AF$350)) -> 0
B79: Optional | E79: Disaggregated by Pregnant/Breastfeeding Status: Data on Pregnant/Breastfeeding individuals should be reported in both the "Disaggregated by Pregnant/Breastfeeding" section and the "Disaggregated by Age/Sex" section.
B81: Pregnant | G81: =SUMPRODUCT(($H$2=PrEP_NEW!$E$2:$E$350)*(PrEP_NEW!AG$2:AG$350)) -> 0
B84: Breastfeeding | G84: =SUMPRODUCT(($H$2=PrEP_NEW!$E$2:$E$350)*(PrEP_NEW!AH$2:AH$350)) -> 0
B86: Optional | E86: Disaggregated by PrEP Distribution. Data on PrEP Distribution should be reported in both the "Disaggregated by PrEP Distribution" section and the "Disaggregated by Age/Sex" section.
B88: Facility | G88: =SUMPRODUCT(($H$2=PrEP_NEW!$E$2:$E$350)*(PrEP_NEW!AI$2:AI$350)) -> 0
B91: Community (associated with Facility) | G91: =SUMPRODUCT(($H$2=PrEP_NEW!$E$2:$E$350)*(PrEP_NEW!AJ$2:AJ$350)) -> 0
B93: Optional | E93: Disaggregated by PrEP Type. Data on PrEP Type should be reported in both the "Disaggregated by PrEP Type" section and the "Disaggregated by Age/Sex" section.
B95: Oral | G95: =SUMPRODUCT(($H$2=PrEP_NEW!$E$2:$E$350)*(PrEP_NEW!AK$2:AK$350)) -> 0
B98: Injectable | G98: =SUMPRODUCT(($H$2=PrEP_NEW!$E$2:$E$350)*(PrEP_NEW!AL$2:AL$350)) -> 0
B101: Other | G101: =SUMPRODUCT(($H$2=PrEP_NEW!$E$2:$E$350)*(PrEP_NEW!AM$2:AM$350)) -> 0
B103: =CONCATENATE(L2,": PrEP_CT") -> : PrEP_CT
B104: Auto-Calculate | D104: Number of individuals, excluding those newly enrolled, that return for a follow-up visit or reinitiation visit to receive pre-exposure prophylaxis (PrEP) to prevent HIV during the reporting period. Numerator will auto-calculate from sum of Age/Sex Disaggregate
B107: Numerator | D107: =IF(SUM(D111:L111,D114:L114)=0,"subtotal",SUM(D111:L111,D114:L114)) -> subtotal
B109: Required | D109: Disaggregated by Age / Sex
D110: Unknown Age | E110: 15-19 | F110: 20-24 | G110: 25-29 | H110: 30-34 | I110: 35-39 | J110: 40-44 | K110: 45-49 | L110: 50+
C111: Female | D111: {=SUMPRODUCT(($H$2=PrEP_CT!$E$2:$E$350)*(PrEP_CT!G$2:G$350))} -> 0 | E111: {=SUMPRODUCT(($H$2=PrEP_CT!$E$2:$E$350)*(PrEP_CT!H$2:H$350))} -> 0 | F111: {=SUMPRODUCT(($H$2=PrEP_CT!$E$2:$E$350)*(PrEP_CT!I$2:I$350))} -> 0 | G111: {=SUMPRODUCT(($H$2=PrEP_CT!$E$2:$E$350)*(PrEP_CT!J$2:J$350))} -> 0 | H111: {=SUMPRODUCT(($H$2=PrEP_CT!$E$2:$E$350)*(PrEP_CT!K$2:K$350))} -> 0 | I111: {=SUMPRODUCT(($H$2=PrEP_CT!$E$2:$E$350)*(PrEP_CT!L$2:L$350))} -> 0 | J111: {=SUMPRODUCT(($H$2=PrEP_CT!$E$2:$E$350)*(PrEP_CT!M$2:M$350))} -> 0 | K111: {=SUMPRODUCT(($H$2=PrEP_CT!$E$2:$E$350)*(PrEP_CT!N$2:N$350))} -> 0 | L111: {=SUMPRODUCT(($H$2=PrEP_CT!$E$2:$E$350)*(PrEP_CT!O$2:O$350))} -> 0 | M111: =IF(SUM(D111:L111)=0,"subtotal",SUM(D111:L111)) -> subtotal
D113: Unknown Age | E113: 15-19 | F113: 20-24 | G113: 25-29 | H113: 30-34 | I113: 35-39 | J113: 40-44 | K113: 45-49 | L113: 50+
C114: Male | D114: {=SUMPRODUCT(($H$2=PrEP_CT!$E$2:$E$350)*(PrEP_CT!Q$2:Q$350))} -> 0 | E114: {=SUMPRODUCT(($H$2=PrEP_CT!$E$2:$E$350)*(PrEP_CT!R$2:R$350))} -> 0 | F114: {=SUMPRODUCT(($H$2=PrEP_CT!$E$2:$E$350)*(PrEP_CT!S$2:S$350))} -> 0 | G114: {=SUMPRODUCT(($H$2=PrEP_CT!$E$2:$E$350)*(PrEP_CT!T$2:T$350))} -> 0 | H114: {=SUMPRODUCT(($H$2=PrEP_CT!$E$2:$E$350)*(PrEP_CT!U$2:U$350))} -> 0 | I114: {=SUMPRODUCT(($H$2=PrEP_CT!$E$2:$E$350)*(PrEP_CT!V$2:V$350))} -> 0 | J114: {=SUMPRODUCT(($H$2=PrEP_CT!$E$2:$E$350)*(PrEP_CT!W$2:W$350))} -> 0 | K114: {=SUMPRODUCT(($H$2=PrEP_CT!$E$2:$E$350)*(PrEP_CT!X$2:X$350))} -> 0 | L114: {=SUMPRODUCT(($H$2=PrEP_CT!$E$2:$E$350)*(PrEP_CT!Y$2:Y$350))} -> 0 | M114: =IF(SUM(D114:L114)=0,"subtotal",SUM(D114:L114)) -> subtotal
B116: Required | D116: Disaggregated by test result: Data on test result should be reported in both the "Test Result" section and the "Disaggregated by Age/Sex" Section
C118: Positive | E118: {=SUMPRODUCT(($H$2=PrEP_CT!$E$2:$E$350)*(PrEP_CT!AB$2:AB$350))} -> 0
C121: Negative | E121: {=SUMPRODUCT(($H$2=PrEP_CT!$E$2:$E$350)*(PrEP_CT!AC$2:AC$350))} -> 0
B124: Other | E124: {=SUMPRODUCT(($H$2=PrEP_CT!$E$2:$E$350)*(PrEP_CT!AD$2:AD$350))} -> 0
B126: Required | D126: Disaggregated by key population type: Data on key populations should be reported in both the "Disaggregated by key population type" section and the "Disaggregated by Age/Sex" section.
B128: PWID | G128: {=SUMPRODUCT(($H$2=PrEP_CT!$E$2:$E$350)*(PrEP_CT!AE$2:AE$350))} -> 0
B131: MSM | G131: {=SUMPRODUCT(($H$2=PrEP_CT!$E$2:$E$350)*(PrEP_CT!AF$2:AF$350))} -> 0
B134: Transgender People | G134: {=SUMPRODUCT(($H$2=PrEP_CT!$E$2:$E$350)*(PrEP_CT!AG$2:AG$350))} -> 0
B137: FSW | G137: {=SUMPRODUCT(($H$2=PrEP_CT!$E$2:$E$350)*(PrEP_CT!AH$2:AH$350))} -> 0
B140: People in prison and other closed settings | G140: {=SUMPRODUCT(($H$2=PrEP_CT!$E$2:$E$350)*(PrEP_CT!AI$2:AI$350))} -> 0
B142: Required | D142: Disaggregated by Pregnant/Breastfeeding: Data on Pregnant/Breastfeeding individuals should be reported in both the "Disaggregated by Pregnant/Breastfeeding" section and the "Disaggregated by Age/Sex" section.
B144: Pregnant | G144: =SUMPRODUCT(($H$2=PrEP_CT!$E$2:$E$350)*(PrEP_CT!AJ$2:AJ$350)) -> 0
B147: Breastfeeding | G147: =SUMPRODUCT(($H$2=PrEP_CT!$E$2:$E$350)*(PrEP_CT!AK$2:AK$350)) -> 0
B152: Optional | E152: Disaggregated by PrEP Distribution. Data on PrEP Distribution should be reported in both the "Disaggregated by PrEP Distribution" section and the "Disaggregated by Age/Sex" section.
B154: Facility | G154: =SUMPRODUCT(($H$2=PrEP_CT!$E$2:$E$350)*(PrEP_CT!AL$2:AL$350)) -> 0
B157: Community (associated with Facility) | G157: =SUMPRODUCT(($H$2=PrEP_CT!$E$2:$E$350)*(PrEP_CT!AM$2:AM$350)) -> 0
B159: Optional | E159: Disaggregated by PrEP Type. Data on PrEP Type should be reported in both the "Disaggregated by PrEP Type" section and the "Disaggregated by Age/Sex" section.
B161: Oral | G161: =SUMPRODUCT(($H$2=PrEP_CT!$E$2:$E$350)*(PrEP_CT!AN$2:AN$350)) -> 0
B164: Injectable | G164: =SUMPRODUCT(($H$2=PrEP_CT!$E$2:$E$350)*(PrEP_CT!AO$2:AO$350)) -> 0
B167: Other | G167: =SUMPRODUCT(($H$2=PrEP_CT!$E$2:$E$350)*(PrEP_CT!AP$2:AP$350)) -> 0
B170: Facility Name: | D170: =D2 -> USAID Tujenge Jamii | I170: Support Type | L170: ='Testing Path 2 - HTS TST Mod'!K2 | N170: Period | O170: =PrEP_NEW!A2 -> 0
B171: =CONCATENATE(L170,": TB_PREV (Numerator)") -> : TB_PREV (Numerator)
B172: Auto-Calculate | D172: Among those who started a course of TPT in the previous reporting period, the number that completed a full course of therapy (for continuous IPT programs, this includes the patients who have completed the first 6 months of isoniazid preventive therapy (IPT), or any other standard course of TPT such as 3 months of weekly isoniazid and rifapentine, or 3-HP)
C175: Numerator | D175: =IF(SUM(E182:J182,E185:J185)=0,"subtotal",SUM(E182:J182,E185:J185)) -> subtotal
B177: Required | D177: Disaggregated By ART Start by Age/Sex
E178: Newly enrolled on ART | H178: Previously enrolled on ART
E180: Unknown Age | F180: <15 | G180: 15+ | H180: Unknown Age | I180: <15 | J180: 15+
D182: Female | E182: {=SUMPRODUCT(($H$2=TB_PREV!$E$2:$E$350)*(TB_PREV!H$2:H$350))} -> 0 | F182: {=SUMPRODUCT(($H$2=TB_PREV!$E$2:$E$350)*(TB_PREV!I$2:I$350))} -> 0 | G182: {=SUMPRODUCT(($H$2=TB_PREV!$E$2:$E$350)*(TB_PREV!J$2:J$350))} -> 0 | H182: {=SUMPRODUCT(($H$2=TB_PREV!$E$2:$E$350)*(TB_PREV!N$2:N$350))} -> 0 | I182: {=SUMPRODUCT(($H$2=TB_PREV!$E$2:$E$350)*(TB_PREV!O$2:O$350))} -> 0 | J182: {=SUMPRODUCT(($H$2=TB_PREV!$E$2:$E$350)*(TB_PREV!P$2:P$350))} -> 0
D185: Male | E185: {=SUMPRODUCT(($H$2=TB_PREV!$E$2:$E$350)*(TB_PREV!K$2:K$350))} -> 0 | F185: {=SUMPRODUCT(($H$2=TB_PREV!$E$2:$E$350)*(TB_PREV!L$2:L$350))} -> 0 | G185: {=SUMPRODUCT(($H$2=TB_PREV!$E$2:$E$350)*(TB_PREV!M$2:M$350))} -> 0 | H185: {=SUMPRODUCT(($H$2=TB_PREV!$E$2:$E$350)*(TB_PREV!Q$2:Q$350))} -> 0 | I185: {=SUMPRODUCT(($H$2=TB_PREV!$E$2:$E$350)*(TB_PREV!R$2:R$350))} -> 0 | J185: {=SUMPRODUCT(($H$2=TB_PREV!$E$2:$E$350)*(TB_PREV!S$2:S$350))} -> 0
B188: =CONCATENATE(L170,": TB_PREV (Denominator)") -> : TB_PREV (Denominator)
B189: Auto-Calculate | D189: Number of ART patients who were initiated on any course of TPT during the previous reporting period
C192: Denominator | D192: =IF(SUM(E199:J199,E202:J202)=0,"subtotal",SUM(E199:J199,E202:J202)) -> subtotal
B194: Required | D194: Disaggregated By ART Start by Age/Sex
E195: Newly enrolled on ART | H195: Previously enrolled on ART
E197: Unknown Age | F197: <15 | G197: 15+ | H197: Unknown Age | I197: <15 | J197: 15+
D199: Female | E199: {=SUMPRODUCT(($H$2=TB_PREV!$E$2:$E$350)*(TB_PREV!AG$2:AG$350))} -> 0 | F199: {=SUMPRODUCT(($H$2=TB_PREV!$E$2:$E$350)*(TB_PREV!AH$2:AH$350))} -> 0 | G199: {=SUMPRODUCT(($H$2=TB_PREV!$E$2:$E$350)*(TB_PREV!AI$2:AI$350))} -> 0 | H199: {=SUMPRODUCT(($H$2=TB_PREV!$E$2:$E$350)*(TB_PREV!AM$2:AM$350))} -> 0 | I199: {=SUMPRODUCT(($H$2=TB_PREV!$E$2:$E$350)*(TB_PREV!AN$2:AN$350))} -> 0 | J199: {=SUMPRODUCT(($H$2=TB_PREV!$E$2:$E$350)*(TB_PREV!AO$2:AO$350))} -> 0
D202: Male | E202: {=SUMPRODUCT(($H$2=TB_PREV!$E$2:$E$350)*(TB_PREV!AJ$2:AJ$350))} -> 0 | F202: {=SUMPRODUCT(($H$2=TB_PREV!$E$2:$E$350)*(TB_PREV!AK$2:AK$350))} -> 0 | G202: {=SUMPRODUCT(($H$2=TB_PREV!$E$2:$E$350)*(TB_PREV!AL$2:AL$350))} -> 0 | H202: {=SUMPRODUCT(($H$2=TB_PREV!$E$2:$E$350)*(TB_PREV!AP$2:AP$350))} -> 0 | I202: {=SUMPRODUCT(($H$2=TB_PREV!$E$2:$E$350)*(TB_PREV!AQ$2:AQ$350))} -> 0 | J202: {=SUMPRODUCT(($H$2=TB_PREV!$E$2:$E$350)*(TB_PREV!AR$2:AR$350))} -> 0
B204: =CONCATENATE(L170,": POST_RESP") -> : POST_RESP
B205: Auto-Calculate | D205: Number of people receiving post-sexual, physical and emotional violence (SPEV) clinical care based on the minimum package. Numerator will auto-calculate from the Violence Service Type Disaggregates
B208: Numerator | D208: =IF(SUM(E212,E215)=0,"subtotal",SUM(E212,E215)) -> subtotal
B210: Required | D210: Disaggregated by Violence Service Type. Violence Service Types will auto-calculate from their respective age / sex disaggregates.
B212: Sexual Violence | E212: =IF(SUM(E220:O220,D223:N223)=0,"subtotal",SUM(E220:O220,D223:N223)) -> subtotal
B215: Physical and / or Emotional Violence | E215: =IF(SUM(D227:N227,D230:N230)=0,"subtotal",SUM(D227:N227,D230:N230)) -> subtotal
...

Sheet VMMC_CIRC
A1: period | B1: County | C1: Sub County | D1: Health Facility | E1: MFL Code | F1: Support Type | G1: Numerator | H1: Unknown Age | I1: <60 Days | J1: 2 Mo-1 Y | K1: 1-4 Y | L1: 5-9 Y | M1: 10-14 Y | N1: 15-19 Y | O1: 20-24 Y | P1: 25-29 Y | Q1: 30-34 Y | R1: 35-39 Y | S1: 40-44 Y | T1: 45-49 Y | U1: 50+ Y | V1: hivpos Unknown Age | W1: hivpos <1 Y | X1: hivpos 1-4 Y | Y1: hivpos 5-9 Y | Z1: hivpos 10-14 Y | AA1: hivpos 15-19 Y | AB1: hivpos 20-24 Y | AC1: hivpos 25-29 Y | AD1: hivpos 30-34 Y | AE1: hivpos 35-39 Y | AF1: hivpos 40-44 Y | AG1: hivpos 45-49 Y | AH1: hivpos 50+ Y | AI1: hivneg Unknown Age | AJ1: hivneg <1 Y | AK1: hivneg 1-4 Y | AL1: hivneg 5-9 Y | AM1: hivneg 10-14 Y | AN1: hivneg 15-19 Y | AO1: hivneg 20-24 Y | AP1: hivneg 25-29 Y | AQ1: hivneg 30-34 Y | AR1: hivneg 35-39 Y | AS1: hivneg 40-44 Y | AT1: hivneg 45-49 Y | AU1: hivneg50+ Y | AV1: not tested Unknown Age | AW1: not tested <1 Y | AX1: not tested 1-4 Y | AY1: not tested 5-9 Y | AZ1: not tested 10-14 Y | BA1: not tested 15-19 Y | BB1: not tested 20-24 Y | BC1: not tested 25-29 Y | BD1: not tested 30-34 Y | BE1: not tested 35-39 Y | BF1: not tested 40-44 Y | BG1: not tested 45-49 Y | BH1: not tested 50+ Y | BI1: Surgical VMMC | BJ1: Returned for postoperative follow-up care within 14 days of surgery | BK1: Did not return for postoperative follow-up care within 14 days of surgery | BL1: Device-Based VMMC | BM1: Within 14 days of device placement. May include device removal | BN1: NOT within 14 days, or did not follow-up within reporting period
A20: =A4 -> 0 | B20: USAID Tujenge Jamii | C20: USAID Tujenge Jamii | D20: USAID Tujenge Jamii | E20: 11111 | F20: DSD | G20: =SUM(G2:G19) -> 0 | H20: =SUM(H2:H19) -> 0 | I20: =SUM(I2:I19) -> 0 | J20: =SUM(J2:J19) -> 0 | K20: =SUM(K2:K19) -> 0 | L20: =SUM(L2:L19) -> 0 | M20: =SUM(M2:M19) -> 0 | N20: =SUM(N2:N19) -> 0 | ... BN20: =SUM(BN2:BN19) -> 0

Sheet PrEP_NEW
A1: period | B1: County | C1: sub_county | D1: Facility | E1: MFLCode | F1: Support Type | G1: Unkown F | H1: 15-19 F | I1: 20-24 F | J1: 25-29 F | K1: 30-34 F | L1: 35-39 F | M1: 40-44 F | N1: 45-49 F | O1: 50+ F | P1: Total Female | Q1: Unkown M | R1: 15-19 M | S1: 20-24 M | T1: 25-29 M | U1: 30-34 M | V1: 35-39 M | W1: 40-44 M | X1: 45-49 M | Y1: 50+ M | Z1: Total Male | AA1: Total | AB1: People who inject drugs PWID | AC1: Men who have sex with men MSM | AD1: Transgender people TG | AE1: Female sex workers FSW | AF1: People in prison and other closed settings | AG1: Pregnant | AH1: Breastfeeding | AI1: Prep_dist_Facility | AJ1: Prep_dist_Community | AK1: Prep_Type_Oral | AL1: Prep_Type_injectable | AM1: Prep_Type_other | AN1: ART High Volume | AO1: HTC High Volume | AP1: PMTCT High Volume | AQ1: Num vs KP Validation | AR1: Picked Site
AQ2: =AA2-SUM(AB2:AF2) -> 0 | AR2: =IF(AQ2<0,D2&",","")
AQ3: =AA3-SUM(AB3:AF3) -> 0 | AR3: =IF(AQ3<0,D3&",","")
AQ4: =AA4-SUM(AB4:AF4) -> 0 | AR4: =IF(AQ4<0,D4&",","")
AQ5: =AA5-SUM(AB5:AF5) -> 0 | AR5: =IF(AQ5<0,D5&",","")
AQ6: =AA6-SUM(AB6:AF6) -> 0 | AR6: =IF(AQ6<0,D6&",","")
AQ7: =AA7-SUM(AB7:AF7) -> 0 | AR7: =IF(AQ7<0,D7&",","")
AQ8: =AA8-SUM(AB8:AF8) -> 0 | AR8: =IF(AQ8<0,D8&",","")
AQ9: =AA9-SUM(AB9:AF9) -> 0 | AR9: =IF(AQ9<0,D9&",","")
AQ10: =AA10-SUM(AB10:AF10) -> 0 | AR10: =IF(AQ10<0,D10&",","")
AQ11: =AA11-SUM(AB11:AF11) -> 0 | AR11: =IF(AQ11<0,D11&",","")
AQ12: =AA12-SUM(AB12:AF12) -> 0 | AR12: =IF(AQ12<0,D12&",","")
AQ13: =AA13-SUM(AB13:AF13) -> 0 | AR13: =IF(AQ13<0,D13&",","")
... AQ349: =AA349-SUM(AB349:AF349) -> 0 | AR349: =IF(AQ349<0,D349&",","")
A350: =A2 -> 0 | B350: USAID Tujenge Jamii | C350: USAID Tujenge Jamii | D350: USAID Tujenge Jamii | E350: 11111 | F350: DSD | G350: =SUM(G2:G349) -> 0 | H350: =SUM(H2:H349) -> 0 | I350: =SUM(I2:I349) -> 0 | J350: =SUM(J2:J349) -> 0 | K350: =SUM(K2:K349) -> 0 | L350: =SUM(L2:L349) -> 0 | M350: =SUM(M2:M349) -> 0 | N350: =SUM(N2:N349) -> 0 | ... AM350: =SUM(AM2:AM349) -> 0 | AN350: 1 | AO350: 1 | AP350: 1 | AQ350: =SUM(AB350:AF350)-AA350 -> 0

Sheet PrEP_CT
A1: period | B1: County | C1: sub_county | D1: Facility | E1: MFLCode | F1: Support Type | G1: Unkown F | H1: 15-19 F | I1: 20-24 F | J1: 25-29 F | K1: 30-34 F | L1: 35-39 F | M1: 40-44 F | N1: 45-49 F | O1: 50+ F | P1: Total Female | Q1: Unkown M | R1: 15-19 M | S1: 20-24 M | T1: 25-29 M | U1: 30-34 M | V1: 35-39 M | W1: 40-44 M | X1: 45-49 M | Y1: 50+ M | Z1: Total Male | AA1: Total | AB1: Positive | AC1: Negative | AD1: Other | AE1: People who inject drugs PWID | AF1: Men who have sex with men MSM | AG1: Transgender people TG | AH1: Female sex workers FSW | AI1: People in prison and other closed settings | AJ1: Pregnant | AK1: Breastfeeding | AL1: Prep_dist_Facility | AM1: Prep_dist_Community | AN1: Prep_Type_Oral | AO1: Prep_Type_injectable | AP1: Prep_Type_other | AQ1: ART High Volume | AR1: HTC High Volume | AS1: PMTCT High Volume | AT1: Num vs KP Validation | AU1: Picked Site
AT2: =AA2-SUM(AE2:AI2) -> 0 | AU2: =IF(AT2<0,$D2&",","")
AT3: =AA3-SUM(AE3:AI3) -> 0 | AU3: =IF(AT3<0,$D3&",","")
AT4: =AA4-SUM(AE4:AI4) -> 0 | AU4: =IF(AT4<0,$D4&",","")
AT5: =AA5-SUM(AE5:AI5) -> 0 | AU5: =IF(AT5<0,$D5&",","")
AT6: =AA6-SUM(AE6:AI6) -> 0 | AU6: =IF(AT6<0,$D6&",","")
AT7: =AA7-SUM(AE7:AI7) -> 0 | AU7: =IF(AT7<0,$D7&",","")
AT8: =AA8-SUM(AE8:AI8) -> 0 | AU8: =IF(AT8<0,$D8&",","")
AT9: =AA9-SUM(AE9:AI9) -> 0 | AU9: =IF(AT9<0,$D9&",","")
AT10: =AA10-SUM(AE10:AI10) -> 0 | AU10: =IF(AT10<0,$D10&",","")
AT11: =AA11-SUM(AE11:AI11) -> 0 | AU11: =IF(AT11<0,$D11&",","")
AT12: =AA12-SUM(AE12:AI12) -> 0 | AU12: =IF(AT12<0,$D12&",","")
AT13: =AA13-SUM(AE13:AI13) -> 0 | AU13: =IF(AT13<0,$D13&",","")
... AT349: =AA349-SUM(AE349:AI349) -> 0 | AU349: =IF(AT349<0,$D349&",","")
A350: =A2 -> 0 | B350: USAID Tujenge Jamii | C350: USAID Tujenge Jamii | D350: USAID Tujenge Jamii | E350: 11111 | F350: DSD | G350: =SUM(G2:G349) -> 0 | H350: =SUM(H2:H349) -> 0 | I350: =SUM(I2:I349) -> 0 | J350: =SUM(J2:J349) -> 0 | K350: =SUM(K2:K349) -> 0 | L350: =SUM(L2:L349) -> 0 | M350: =SUM(M2:M349) -> 0 | N350: =SUM(N2:N349) -> 0 | ... AP350: =SUM(AP2:AP349) -> 0 | AQ350: 1 | AR350: 1 | AS350: 1 | AT350: =AA350-SUM(AE350:AI350) -> 0

Sheet TB_PREV
A1: period | B1: County | C1: sub_county | D1: Facility | E1: MFLCode | F1: Support Type | G1: Numerator | H1: Num Tx New Unkown F | I1: Num Tx New <15 F | J1: Num Tx New >15 F | K1: Num Tx New Unkown M | L1: Num Tx New <15 M | M1: Num Tx New 15+ M | N1: Num Already Unkown F | O1: Num Already <15 F | P1: Num Already 15+ F | Q1: Num Already Unkown M | R1: Num Already <15 M | S1: Num Already 15+ M | T1: Num alternative tx new Unkown F | U1: Num alternative tx new <15 F | V1: Num alternative tx new 15+ F | W1: Num alternative tx new Unkown M | X1: Num alternative tx new <15 M | Y1: Num alternative tx new 15+ M | Z1: Num alternative already Unkown F | AA1: Num alternative already <15 F | AB1: Num alternative already 15+ F | AC1: Num alternative already Unkown M | AD1: Num alternative already <15 M | AE1: Num alternative already 15+ M | AF1: Denominator | AG1: Den TX New Unkown F | AH1: Den TX New <15 F | AI1: Den TX New 15+ F | AJ1: Den TX New Unkown M | AK1: Den TX New <15 M | AL1: Den TX New 15+ M | AM1: Den already Unkown F | AN1: Den already <15 F | AO1: Den already 15+ F | AP1: Den already Unkown M | AQ1: Den already <15 M | AR1: Den already 15+ M | AS1: Den alternative tx new Unkown F | AT1: Den alternative tx new <15 F | AU1: Den alternative tx new 15+ F | AV1: Den alternative tx new Unkown M | AW1: Den alternative tx new <15 M | AX1: Den alternative tx new 15+ M | AY1: Den alternative already Unkown F | AZ1: Den alternative alread <15 F | BA1: Den alternative alread 15+ F | BB1: Den alternative alread Unkown M | BC1: Den alternative alread <15 M | BD1: Den alternative alread 15+ M | BE1: ART High Volume | BF1: HTC High Volume | BG1: PMTCT High Volume
A350: =A2 -> 0 | B350: USAID Tujenge Jamii | C350: USAID Tujenge Jamii | D350: USAID Tujenge Jamii | E350: 11111 | F350: DSD | G350: =SUM(G2:G349) -> 0 | H350: =SUM(H2:H349) -> 0 | I350: =SUM(I2:I349) -> 0 | J350: =SUM(J2:J349) -> 0 | K350: =SUM(K2:K349) -> 0 | L350: =SUM(L2:L349) -> 0 | M350: =SUM(M2:M349) -> 0 | N350: =SUM(N2:N349) -> 0 | ... BD350: =SUM(BD2:BD349) -> 0 | BE350: 1 | BF350: 1 | BG350: 1

Sheet GEND_GBV
A1: period | B1: County | C1: sub_county | D1: Facility | E1: MFLCode | F1: Support Type | G1: Numerator | H1: Sexual Violence | I1: Physical and / or Emotional Violence | J1: sv Unkown F | K1: sv <10 F | L1: sv 10-14 F | M1: sv 15-19 F | N1: sv 20-24 F | O1: sv 25-29 F | P1: sv 30-34 F | Q1: sv 35-39 F | R1: sv 40-44 F | S1: sv 45-49 F | T1: sv 50+ F | U1: sv Unkown M | V1: sv <10 M | W1: sv 10-14 M | X1: sv 15-19 M | Y1: sv 20-24 M | Z1: sv 25-29 M | AA1: sv 30-34 M | AB1: sv 35-39 M | AC1: sv 40-44 M | AD1: sv 45-49 M | AE1: sv 50+ M | AF1: pev Unkown F | AG1: pev <10 F | AH1: pev 10-14 F | AI1: pev 15-19 F | AJ1: pev 20-24 F | AK1: pev 25-29 F | AL1: pev 30-34 F | AM1: pev 35-39 F | AN1: pev 40-44 F | AO1: pev 45-49 F | AP1: pev 50+ F | AQ1: pev Unkown M | AR1: pev <10 M | AS1: pev 10-14 M | AT1: pev 15-19 M | AU1: pev 20-24 M | AV1: pev 25-29 M | AW1: pev 30-34 M | AX1: pev 35-39 M | AY1: pev 40-44 M | AZ1: pev 45-49 M | BA1: pev 50+ M | BB1: pep service Unkown F | BC1: pep service <10 F | BD1: pep service 10-14 F | BE1: pep service 15-19 F | BF1: pep service 20-24 F | BG1: pep service 25-29 F | BH1: pep service 30-34 F | BI1: pep service 35-39 F | BJ1: pep service 40-44 F | BK1: pep service 45-49 F | BL1: pep service 50+ F | BM1: pep service Unkown M | BN1: pep service <10 M | BO1: pep service 10-14 M | BP1: pep service 15-19 M | BQ1: pep service 20-24 M | BR1: pep service 25-29 M | BS1: pep service 30-34 M | BT1: pep service 35-39 M | BU1: pep service 40-44 M | BV1: pep service 45-49 M | BW1: pep service 50+ M | BX1: ART High Volume | BY1: HTC High Volume | BZ1: PMTCT High Volume
A350: =A2 -> 0 | B350: USAID Tujenge Jamii | C350: USAID Tujenge Jamii | D350: USAID Tujenge Jamii | E350: 11111 | F350: DSD | G350: =SUM(G2:G349) -> 0 | H350: =SUM(H2:H349) -> 0 | I350: =SUM(I2:I349) -> 0 | J350: =SUM(J2:J349) -> 0 | K350: =SUM(K2:K349) -> 0 | L350: =SUM(L2:L349) -> 0 | M350: =SUM(M2:M349) -> 0 | N350: =SUM(N2:N349) -> 0 | ... BW350: =SUM(BW2:BW349) -> 0 | BX350: 1 | BY350: 1 | BZ350: 1

Sheet Testing Path 2 - HTS TST Mod
B2: Facility Name: | C2: =Prevention!D2 -> USAID Tujenge Jamii | G2: =IFERROR(VLOOKUP(C2,Facilities!F1:H300,2,FALSE),"") | H2: Support Type | K2: =IFERROR(VLOOKUP(C2,Facilities!F1:H300,3,FALSE),"") | M2: Period | N2: ='HTS_TST_Inpatient Services'!A2 -> 0
B4: If MER Results data is unable to be disaggregated by DSD or TA support type, please report ALL data under the TA Support Type
B6: Use Testing Path 2 below to enter HTS_TST results by modalities.
B8: =CONCATENATE(K2,": HTS_TST (Facility)") -> : HTS_TST (Facility)
B9: Auto-Calculate | D9: Number of individuals who received HIV Testing Services (HTS) and received their test results.
B12: Numerator | C12: =IF(SUM(C87,C182,C196,C214,C226,C302,C316,C341,C377,C401,C425,C477,C450,C330)=0,"subtotal",SUM(C87,C182,C196,C214,C226,C302,C316,C341,C377,C401,C425,C477,C450,C330)) -> subtotal
B15: Positive | C15: =IF(SUM(C81,C167:P167,C176:N176,C190:H190,C208:H208,C220,C296,M310,C335,C362:P362,C371:N371,C386:P386,C395:N395,C410:P410,C419:N419,C462:P462,C471:N471,C435:P435,C444:N444,M324)=0,"subtotal",SUM(C81,C167:P167,C176:N176,C190:H190,C208:H208,C220,C296,M310,C335,C362:P362,C371:N371,C386:P386,C395:N395,C410:P410,C419:N419,C462:P462,C471:N471,C435:P435,C444:N444,M324)) -> subtotal
B17: Required | D17: Disaggregated by key population type / Result: Data on key populations should be reported in both the "Disaggregated by key population type" section and the "Disaggregated by Age/Sex/Result" by modality sections.
B19: Category | C19: Positive | D19: Negative | E19: Sub-total
B22: PWID | C22: ='KP_Testing Path 2 - HTS TST Mod'!C22 -> 0 | D22: ='KP_Testing Path 2 - HTS TST Mod'!D22 -> 0 | E22: =IF(SUM(C22:D22)=0,"subtotal",SUM(C22:D22)) -> subtotal
B25: MSM | C25: ='KP_Testing Path 2 - HTS TST Mod'!C25 -> 0 | D25: ='KP_Testing Path 2 - HTS TST Mod'!D25 -> 0 | E25: =IF(SUM(C25:D25)=0,"subtotal",SUM(C25:D25)) -> subtotal
B28: Transgender People | C28: ='KP_Testing Path 2 - HTS TST Mod'!C28 -> 0 | D28: ='KP_Testing Path 2 - HTS TST Mod'!D28 -> 0 | E28: =IF(SUM(C28:D28)=0,"subtotal",SUM(C28:D28)) -> subtotal
B31: FSW | C31: ='KP_Testing Path 2 - HTS TST Mod'!C31 -> 0 | D31: ='KP_Testing Path 2 - HTS TST Mod'!D31 -> 0 | E31: =IF(SUM(C31:D31)=0,"subtotal",SUM(C31:D31)) -> subtotal
B33: People in prison and other closed settings
C34: ='KP_Testing Path 2 - HTS TST Mod'!C34 -> 0 | D34: ='KP_Testing Path 2 - HTS TST Mod'!D34 -> 0 | E34: =IF(SUM(C34:D34)=0,"subtotal",SUM(C34:D34)) -> subtotal
B37: =CONCATENATE('Testing-All Others'!K2,":PMTCT_STAT (Numerator)") -> :PMTCT_STAT (Numerator)
B38: Auto-Calculate | D38: Number of pregnant women with known HIV status at first antenatal care visit (ANC1) (includes those who already knew their HIV status prior to ANC1). Numerator will auto-calculate from the Status and Age Disaggregates.
B41: Numerator | C41: =IF(C59=0,"subtotal",C59) -> subtotal
B43: Required | D43: REQUIRED IF ON PATH 2. Disaggregated by Status and Age
C45: Unknown Age | D45: <10 | E45: 10-14 | F45: 15-19 | G45: 20-24 | H45: 25-29 | I45: 30-34 | J45: 35-39 | K45: 40-44 | L45: 45-49 | M45: 50+
B47: Known Positives | C47: =SUMPRODUCT(('Testing-All Others'!$G$2=PMTCT_STAT!$E$2:$E$350)*(PMTCT_STAT!H$2:H$350)) -> 0 | D47: =SUMPRODUCT(('Testing-All Others'!$G$2=PMTCT_STAT!$E$2:$E$350)*(PMTCT_STAT!I$2:I$350)) -> 0 | E47: =SUMPRODUCT(('Testing-All Others'!$G$2=PMTCT_STAT!$E$2:$E$350)*(PMTCT_STAT!J$2:J$350)) -> 0 | F47: =SUMPRODUCT(('Testing-All Others'!$G$2=PMTCT_STAT!$E$2:$E$350)*(PMTCT_STAT!K$2:K$350)) -> 0 | G47: =SUMPRODUCT(('Testing-All Others'!$G$2=PMTCT_STAT!$E$2:$E$350)*(PMTCT_STAT!L$2:L$350)) -> 0 | H47: =SUMPRODUCT(('Testing-All Others'!$G$2=PMTCT_STAT!$E$2:$E$350)*(PMTCT_STAT!M$2:M$350)) -> 0 | I47: =SUMPRODUCT(('Testing-All Others'!$G$2=PMTCT_STAT!$E$2:$E$350)*(PMTCT_STAT!N$2:N$350)) -> 0 | J47: =SUMPRODUCT(('Testing-All Others'!$G$2=PMTCT_STAT!$E$2:$E$350)*(PMTCT_STAT!O$2:O$350)) -> 0 | ... M47: =SUMPRODUCT(('Testing-All Others'!$G$2=PMTCT_STAT!$E$2:$E$350)*(PMTCT_STAT!R$2:R$350)) -> 0 | N47: =IF(SUM(C47:M47)=0,"subtotal",SUM(C47:M47)) -> subtotal
B50: Newly Tested Positives | C50: =SUMPRODUCT(('Testing-All Others'!$G$2=PMTCT_STAT!$E$2:$E$350)*(PMTCT_STAT!S$2:S$350)) -> 0 | D50: =SUMPRODUCT(('Testing-All Others'!$G$2=PMTCT_STAT!$E$2:$E$350)*(PMTCT_STAT!T$2:T$350)) -> 0 | E50: =SUMPRODUCT(('Testing-All Others'!$G$2=PMTCT_STAT!$E$2:$E$350)*(PMTCT_STAT!U$2:U$350)) -> 0 | F50: =SUMPRODUCT(('Testing-All Others'!$G$2=PMTCT_STAT!$E$2:$E$350)*(PMTCT_STAT!V$2:V$350)) -> 0 | G50: =SUMPRODUCT(('Testing-All Others'!$G$2=PMTCT_STAT!$E$2:$E$350)*(PMTCT_STAT!W$2:W$350)) -> 0 | H50: =SUMPRODUCT(('Testing-All Others'!$G$2=PMTCT_STAT!$E$2:$E$350)*(PMTCT_STAT!X$2:X$350)) -> 0 | I50: =SUMPRODUCT(('Testing-All Others'!$G$2=PMTCT_STAT!$E$2:$E$350)*(PMTCT_STAT!Y$2:Y$350)) -> 0 | J50: =SUMPRODUCT(('Testing-All Others'!$G$2=PMTCT_STAT!$E$2:$E$350)*(PMTCT_STAT!Z$2:Z$350)) -> 0 | ... M50: =SUMPRODUCT(('Testing-All Others'!$G$2=PMTCT_STAT!$E$2:$E$350)*(PMTCT_STAT!AC$2:AC$350)) -> 0 | N50: =IF(SUM(C50:M50)=0,"subtotal",SUM(C50:M50)) -> subtotal
B53: New Negatives | C53: =SUMPRODUCT(('Testing-All Others'!$G$2=PMTCT_STAT!$E$2:$E$350)*(PMTCT_STAT!AD$2:AD$350)) -> 0 | D53: =SUMPRODUCT(('Testing-All Others'!$G$2=PMTCT_STAT!$E$2:$E$350)*(PMTCT_STAT!AE$2:AE$350)) -> 0 | E53: =SUMPRODUCT(('Testing-All Others'!$G$2=PMTCT_STAT!$E$2:$E$350)*(PMTCT_STAT!AF$2:AF$350)) -> 0 | F53: =SUMPRODUCT(('Testing-All Others'!$G$2=PMTCT_STAT!$E$2:$E$350)*(PMTCT_STAT!AG$2:AG$350)) -> 0 | G53: =SUMPRODUCT(('Testing-All Others'!$G$2=PMTCT_STAT!$E$2:$E$350)*(PMTCT_STAT!AH$2:AH$350)) -> 0 | H53: =SUMPRODUCT(('Testing-All Others'!$G$2=PMTCT_STAT!$E$2:$E$350)*(PMTCT_STAT!AI$2:AI$350)) -> 0 | I53: =SUMPRODUCT(('Testing-All Others'!$G$2=PMTCT_STAT!$E$2:$E$350)*(PMTCT_STAT!AJ$2:AJ$350)) -> 0 | J53: =SUMPRODUCT(('Testing-All Others'!$G$2=PMTCT_STAT!$E$2:$E$350)*(PMTCT_STAT!AK$2:AK$350)) -> 0 | ... M53: =SUMPRODUCT(('Testing-All Others'!$G$2=PMTCT_STAT!$E$2:$E$350)*(PMTCT_STAT!AN$2:AN$350)) -> 0 | N53: =IF(SUM(C53:M53)=0,"subtotal",SUM(C53:M53)) -> subtotal
B56: Recent Negatives | C56: =SUMPRODUCT(('Testing-All Others'!$G$2=PMTCT_STAT!$E$2:$E$350)*(PMTCT_STAT!AO$2:AO$350)) -> 0 | D56: =SUMPRODUCT(('Testing-All Others'!$G$2=PMTCT_STAT!$E$2:$E$350)*(PMTCT_STAT!AP$2:AP$350)) -> 0 | E56: =SUMPRODUCT(('Testing-All Others'!$G$2=PMTCT_STAT!$E$2:$E$350)*(PMTCT_STAT!AQ$2:AQ$350)) -> 0 | F56: =SUMPRODUCT(('Testing-All Others'!$G$2=PMTCT_STAT!$E$2:$E$350)*(PMTCT_STAT!AR$2:AR$350)) -> 0 | G56: =SUMPRODUCT(('Testing-All Others'!$G$2=PMTCT_STAT!$E$2:$E$350)*(PMTCT_STAT!AS$2:AS$350)) -> 0 | H56: =SUMPRODUCT(('Testing-All Others'!$G$2=PMTCT_STAT!$E$2:$E$350)*(PMTCT_STAT!AT$2:AT$350)) -> 0 | I56: =SUMPRODUCT(('Testing-All Others'!$G$2=PMTCT_STAT!$E$2:$E$350)*(PMTCT_STAT!AU$2:AU$350)) -> 0 | J56: =SUMPRODUCT(('Testing-All Others'!$G$2=PMTCT_STAT!$E$2:$E$350)*(PMTCT_STAT!AV$2:AV$350)) -> 0 | ... M56: =SUMPRODUCT(('Testing-All Others'!$G$2=PMTCT_STAT!$E$2:$E$350)*(PMTCT_STAT!AY$2:AY$350)) -> 0 | N56: =IF(SUM(C56:M56)=0,"subtotal",SUM(C56:M56)) -> subtotal
B59: Subtotal | C59: =IF(SUM(N47,N50,N53,N56)=0,"subtotal",SUM(N47,N50,N53,N56,)) -> subtotal
B62: =CONCATENATE('Testing-All Others'!K142,":PMTCT_STAT (Denominator)") -> :PMTCT_STAT (Denominator)
B63: Auto-Calculate | D63: Number of new ANC clients in reporting period. Denominator will auto-calculate from the Age Disaggregates.
B66: Denominator | C66: =IF(C75=0,"subtotal",C75) -> subtotal
B68: Required | D68: REQUIRED IF ON PATH 2. Disaggregated by Age (Fine Disaggregate)
C70: Unknown Age | D70: <10 | E70: 10-14 | F70: 15-19 | G70: 20-24 | H70: 25-29 | I70: 30-34 | J70: 35-39 | K70: 40-44 | L70: 45-49 | M70: 50+
C72: =SUMPRODUCT(('Testing-All Others'!$G$2=PMTCT_STAT!$E$2:$E$350)*(PMTCT_STAT!AZ$2:AZ$350)) -> 0 | D72: =SUMPRODUCT(('Testing-All Others'!$G$2=PMTCT_STAT!$E$2:$E$350)*(PMTCT_STAT!BA$2:BA$350)) -> 0 | E72: =SUMPRODUCT(('Testing-All Others'!$G$2=PMTCT_STAT!$E$2:$E$350)*(PMTCT_STAT!BB$2:BB$350)) -> 0 | F72: =SUMPRODUCT(('Testing-All Others'!$G$2=PMTCT_STAT!$E$2:$E$350)*(PMTCT_STAT!BC$2:BC$350)) -> 0 | G72: =SUMPRODUCT(('Testing-All Others'!$G$2=PMTCT_STAT!$E$2:$E$350)*(PMTCT_STAT!BD$2:BD$350)) -> 0 | H72: =SUMPRODUCT(('Testing-All Others'!$G$2=PMTCT_STAT!$E$2:$E$350)*(PMTCT_STAT!BE$2:BE$350)) -> 0 | I72: =SUMPRODUCT(('Testing-All Others'!$G$2=PMTCT_STAT!$E$2:$E$350)*(PMTCT_STAT!BF$2:BF$350)) -> 0 | J72: =SUMPRODUCT(('Testing-All Others'!$G$2=PMTCT_STAT!$E$2:$E$350)*(PMTCT_STAT!BG$2:BG$350)) -> 0 | ... M72: =SUMPRODUCT(('Testing-All Others'!$G$2=PMTCT_STAT!$E$2:$E$350)*(PMTCT_STAT!BJ$2:BJ$350)) -> 0
B75: Subtotal | C75: =IF(SUM(C72:M72)=0,"subtotal",SUM(C72:M72)) -> subtotal
B78: =CONCATENATE(K2,": HTS_TST (Facility) - Index Testing") -> : HTS_TST (Facility) - Index Testing
B79: Auto-Calculate | D79: All Index Case Testing. This data will auto-populate from HTS_INDEX
B81: New Positives | C81: =IF(SUM('Testing Path 2 - HTS TST Mod'!P125,'Testing Path 2 - HTS TST Mod'!P128)=0,"subtotal",SUM('Testing Path 2 - HTS TST Mod'!P125,'Testing Path 2 - HTS TST Mod'!P128)) -> subtotal
B84: New Negatives | C84: =IF(SUM('Testing Path 2 - HTS TST Mod'!P134,'Testing Path 2 - HTS TST Mod'!P137)=0,"subtotal",SUM('Testing Path 2 - HTS TST Mod'!P134,'Testing Path 2 - HTS TST Mod'!P137)) -> subtotal
B87: Sub-Total | C87: =IF(SUM(C81,C84)=0,"subtotal",SUM(C81,C84)) -> subtotal
B89: =CONCATENATE('Testing-All Others'!K2,": HTS_INDEX (Facility)") -> : HTS_INDEX (Facility)
B90: Auto-Calculate | D90: Number of individuals who were identified and tested using index testing services and received their results. Numerator auto-calculates from the sum of the Number of contacts tested by test result and age/sex.
B93: Numerator | C93: =IF(SUM(C141,C122,C131,F151,F154)=0,"subtotal",SUM(C141,C122,C131,F151,F154)) -> subtotal
B95: Optional | D95: Number of index cases offered index testing services by age/sex
C96: Unknown Age | D96: <1 | E96: 1-4 | F96: 5-9 | G96: 10-14 | H96: 15-19 | I96: 20-24 | J96: 25-29 | K96: 30-34 | L96: 35-39 | M96: 40-44 | N96: 45-49 | O96: 50+
B97: Female | C97: =SUMPRODUCT(('Testing-All Others'!$G$2=HTS_INDEX!$E$2:$E$350)*(HTS_INDEX!G$2:G$350)) -> 0 | D97: =SUMPRODUCT(('Testing-All Others'!$G$2=HTS_INDEX!$E$2:$E$350)*(HTS_INDEX!H$2:H$350)) -> 0 | E97: =SUMPRODUCT(('Testing-All Others'!$G$2=HTS_INDEX!$E$2:$E$350)*(HTS_INDEX!I$2:I$350)) -> 0 | F97: =SUMPRODUCT(('Testing-All Others'!$G$2=HTS_INDEX!$E$2:$E$350)*(HTS_INDEX!J$2:J$350)) -> 0 | G97: =SUMPRODUCT(('Testing-All Others'!$G$2=HTS_INDEX!$E$2:$E$350)*(HTS_INDEX!K$2:K$350)) -> 0 | H97: =SUMPRODUCT(('Testing-All Others'!$G$2=HTS_INDEX!$E$2:$E$350)*(HTS_INDEX!L$2:L$350)) -> 0 | I97: =SUMPRODUCT(('Testing-All Others'!$G$2=HTS_INDEX!$E$2:$E$350)*(HTS_INDEX!M$2:M$350)) -> 0 | J97: =SUMPRODUCT(('Testing-All Others'!$G$2=HTS_INDEX!$E$2:$E$350)*(HTS_INDEX!N$2:N$350)) -> 0 | ... O97: =SUMPRODUCT(('Testing-All Others'!$G$2=HTS_INDEX!$E$2:$E$350)*(HTS_INDEX!S$2:S$350)) -> 0 | P97: =IF(SUM(C97:O97)=0,"subtotal",SUM(C97:O97)) -> subtotal
B100: Male | C100: =SUMPRODUCT(('Testing-All Others'!$G$2=HTS_INDEX!$E$2:$E$350)*(HTS_INDEX!T$2:T$350)) -> 0 | D100: =SUMPRODUCT(('Testing-All Others'!$G$2=HTS_INDEX!$E$2:$E$350)*(HTS_INDEX!U$2:U$350)) -> 0 | E100: =SUMPRODUCT(('Testing-All Others'!$G$2=HTS_INDEX!$E$2:$E$350)*(HTS_INDEX!V$2:V$350)) -> 0 | F100: =SUMPRODUCT(('Testing-All Others'!$G$2=HTS_INDEX!$E$2:$E$350)*(HTS_INDEX!W$2:W$350)) -> 0 | G100: =SUMPRODUCT(('Testing-All Others'!$G$2=HTS_INDEX!$E$2:$E$350)*(HTS_INDEX!X$2:X$350)) -> 0 | H100: =SUMPRODUCT(('Testing-All Others'!$G$2=HTS_INDEX!$E$2:$E$350)*(HTS_INDEX!Y$2:Y$350)) -> 0 | I100: =SUMPRODUCT(('Testing-All Others'!$G$2=HTS_INDEX!$E$2:$E$350)*(HTS_INDEX!Z$2:Z$350)) -> 0 | J100: =SUMPRODUCT(('Testing-All Others'!$G$2=HTS_INDEX!$E$2:$E$350)*(HTS_INDEX!AA$2:AA$350)) -> 0 | ... O100: =SUMPRODUCT(('Testing-All Others'!$G$2=HTS_INDEX!$E$2:$E$350)*(HTS_INDEX!AF$2:AF$350)) -> 0 | P100: =IF(SUM(C100:O100)=0,"subtotal",SUM(C100:O100)) -> subtotal
B102: Optional | D102: Number of index cases that accepted index testing services by age/sex
C103: Unknown Age | D103: <1 | E103: 1-4 | F103: 5-9 | G103: 10-14 | H103: 15-19 | I103: 20-24 | J103: 25-29 | K103: 30-34 | L103: 35-39 | M103: 40-44 | N103: 45-49 | O103: 50+
B104: Female | C104: =SUMPRODUCT(('Testing-All Others'!$G$2=HTS_INDEX!$E$2:$E$350)*(HTS_INDEX!AG$2:AG$350)) -> 0 | D104: =SUMPRODUCT(('Testing-All Others'!$G$2=HTS_INDEX!$E$2:$E$350)*(HTS_INDEX!AH$2:AH$350)) -> 0 | E104: =SUMPRODUCT(('Testing-All Others'!$G$2=HTS_INDEX!$E$2:$E$350)*(HTS_INDEX!AI$2:AI$350)) -> 0 | F104: =SUMPRODUCT(('Testing-All Others'!$G$2=HTS_INDEX!$E$2:$E$350)*(HTS_INDEX!AJ$2:AJ$350)) -> 0 | G104: =SUMPRODUCT(('Testing-All Others'!$G$2=HTS_INDEX!$E$2:$E$350)*(HTS_INDEX!AK$2:AK$350)) -> 0 | H104: =SUMPRODUCT(('Testing-All Others'!$G$2=HTS_INDEX!$E$2:$E$350)*(HTS_INDEX!AL$2:AL$350)) -> 0 | I104: =SUMPRODUCT(('Testing-All Others'!$G$2=HTS_INDEX!$E$2:$E$350)*(HTS_INDEX!AM$2:AM$350)) -> 0 | J104: =SUMPRODUCT(('Testing-All Others'!$G$2=HTS_INDEX!$E$2:$E$350)*(HTS_INDEX!AN$2:AN$350)) -> 0 | ... O104: =SUMPRODUCT(('Testing-All Others'!$G$2=HTS_INDEX!$E$2:$E$350)*(HTS_INDEX!AS$2:AS$350)) -> 0 | P104: =IF(SUM(C104:O104)=0,"subtotal",SUM(C104:O104)) -> subtotal
B107: Male | C107: =SUMPRODUCT(('Testing-All Others'!$G$2=HTS_INDEX!$E$2:$E$350)*(HTS_INDEX!AT$2:AT$350)) -> 0 | D107: =SUMPRODUCT(('Testing-All Others'!$G$2=HTS_INDEX!$E$2:$E$350)*(HTS_INDEX!AU$2:AU$350)) -> 0 | E107: =SUMPRODUCT(('Testing-All Others'!$G$2=HTS_INDEX!$E$2:$E$350)*(HTS_INDEX!AV$2:AV$350)) -> 0 | F107: =SUMPRODUCT(('Testing-All Others'!$G$2=HTS_INDEX!$E$2:$E$350)*(HTS_INDEX!AW$2:AW$350)) -> 0 | G107: =SUMPRODUCT(('Testing-All Others'!$G$2=HTS_INDEX!$E$2:$E$350)*(HTS_INDEX!AX$2:AX$350)) -> 0 | H107: =SUMPRODUCT(('Testing-All Others'!$G$2=HTS_INDEX!$E$2:$E$350)*(HTS_INDEX!AY$2:AY$350)) -> 0 | I107: =SUMPRODUCT(('Testing-All Others'!$G$2=HTS_INDEX!$E$2:$E$350)*(HTS_INDEX!AZ$2:AZ$350)) -> 0 | J107: =SUMPRODUCT(('Testing-All Others'!$G$2=HTS_INDEX!$E$2:$E$350)*(HTS_INDEX!BA$2:BA$350)) -> 0 | ... O107: =SUMPRODUCT(('Testing-All Others'!$G$2=HTS_INDEX!$E$2:$E$350)*(HTS_INDEX!BF$2:BF$350)) -> 0 | P107: =IF(SUM(C107:O107)=0,"subtotal",SUM(C107:O107)) -> subtotal
B109: Optional | D109: Number of contacts elicited by age/sex
C110: Unknown Age | D110: <15 | E110: >15
B111: Female | C111: {=SUMPRODUCT(('Testing-All Others'!$G$2=HTS_INDEX!$E$2:$E$350)*(HTS_INDEX!BG$2:BG$350))} -> 0 | D111: =SUMPRODUCT(('Testing-All Others'!$G$2=HTS_INDEX!$E$2:$E$350)*(HTS_INDEX!BH$2:BH$350)) -> 0 | E111: =SUMPRODUCT(('Testing-All Others'!$G$2=HTS_INDEX!$E$2:$E$350)*(HTS_INDEX!BI$2:BI$350)) -> 0
B114: Male | C114: =SUMPRODUCT(('Testing-All Others'!$G$2=HTS_INDEX!$E$2:$E$350)*(HTS_INDEX!BJ$2:BJ$350)) -> 0 | D114: =SUMPRODUCT(('Testing-All Others'!$G$2=HTS_INDEX!$E$2:$E$350)*(HTS_INDEX!BK$2:BK$350)) -> 0 | E114: =SUMPRODUCT(('Testing-All Others'!$G$2=HTS_INDEX!$E$2:$E$350)*(HTS_INDEX!BL$2:BL$350)) -> 0
B117: Sub-Total | C117: =IF(SUM(C111:E111,C114:E114)=0,"subtotal",SUM(C111:E111,C114:E114)) -> subtotal
B119: Required | D119: REQUIRED IF ON PATH 2. Number of contacts tested by test result and age/sex
B122: Newly Tested Positives | C122: =IF(SUM(C125:O125,C128:O128)=0,"subtotal",SUM(C125:O125,C128:O128)) -> subtotal
C124: Unknown Age | D124: <1 | E124: 1-4 | F124: 5-9 | G124: 10-14 | H124: 15-19 | I124: 20-24 | J124: 25-29 | K124: 30-34 | L124: 35-39 | M124: 40-44 | N124: 45-49 | O124: 50+
B125: Female | C125: =SUMPRODUCT(('Testing-All Others'!$G$2=HTS_INDEX!$E$2:$E$350)*(HTS_INDEX!CM$2:CM$350)) -> 0 | D125: =SUMPRODUCT(('Testing-All Others'!$G$2=HTS_INDEX!$E$2:$E$350)*(HTS_INDEX!CN$2:CN$350)) -> 0 | E125: =SUMPRODUCT(('Testing-All Others'!$G$2=HTS_INDEX!$E$2:$E$350)*(HTS_INDEX!CO$2:CO$350)) -> 0 | F125: =SUMPRODUCT(('Testing-All Others'!$G$2=HTS_INDEX!$E$2:$E$350)*(HTS_INDEX!CP$2:CP$350)) -> 0 | G125: =SUMPRODUCT(('Testing-All Others'!$G$2=HTS_INDEX!$E$2:$E$350)*(HTS_INDEX!CQ$2:CQ$350)) -> 0 | H125: =SUMPRODUCT(('Testing-All Others'!$G$2=HTS_INDEX!$E$2:$E$350)*(HTS_INDEX!CR$2:CR$350)) -> 0 | I125: =SUMPRODUCT(('Testing-All Others'!$G$2=HTS_INDEX!$E$2:$E$350)*(HTS_INDEX!CS$2:CS$350)) -> 0 | J125: =SUMPRODUCT(('Testing-All Others'!$G$2=HTS_INDEX!$E$2:$E$350)*(HTS_INDEX!CT$2:CT$350)) -> 0 | ... O125: =SUMPRODUCT(('Testing-All Others'!$G$2=HTS_INDEX!$E$2:$E$350)*(HTS_INDEX!CY$2:CY$350)) -> 0 | P125: =IF(SUM(C125:O125)=0,"subtotal",SUM(C125:O125)) -> subtotal
C127: Unknown Age | D127: <1 | E127: 1-4 | F127: 5-9 | G127: 10-14 | H127: 15-19 | I127: 20-24 | J127: 25-29 | K127: 30-34 | L127: 35-39 | M127: 40-44 | N127: 45-49 | O127: 50+
B128: Male | C128: =SUMPRODUCT(('Testing-All Others'!$G$2=HTS_INDEX!$E$2:$E$350)*(HTS_INDEX!CZ$2:CZ$350)) -> 0 | D128: =SUMPRODUCT(('Testing-All Others'!$G$2=HTS_INDEX!$E$2:$E$350)*(HTS_INDEX!DA$2:DA$350)) -> 0 | E128: =SUMPRODUCT(('Testing-All Others'!$G$2=HTS_INDEX!$E$2:$E$350)*(HTS_INDEX!DB$2:DB$350)) -> 0 | F128: =SUMPRODUCT(('Testing-All Others'!$G$2=HTS_INDEX!$E$2:$E$350)*(HTS_INDEX!DC$2:DC$350)) -> 0 | G128: =SUMPRODUCT(('Testing-All Others'!$G$2=HTS_INDEX!$E$2:$E$350)*(HTS_INDEX!DD$2:DD$350)) -> 0 | H128: =SUMPRODUCT(('Testing-All Others'!$G$2=HTS_INDEX!$E$2:$E$350)*(HTS_INDEX!DE$2:DE$350)) -> 0 | I128: =SUMPRODUCT(('Testing-All Others'!$G$2=HTS_INDEX!$E$2:$E$350)*(HTS_INDEX!DF$2:DF$350)) -> 0 | J128: =SUMPRODUCT(('Testing-All Others'!$G$2=HTS_INDEX!$E$2:$E$350)*(HTS_INDEX!DG$2:DG$350)) -> 0 | ... O128: =SUMPRODUCT(('Testing-All Others'!$G$2=HTS_INDEX!$E$2:$E$350)*(HTS_INDEX!DL$2:DL$350)) -> 0 | P128: =IF(SUM(C128:O128)=0,"subtotal",SUM(C128:O128)) -> subtotal
B131: New Negatives | C131: =IF(SUM(C134:O134,C137:O137)=0,"subtotal",SUM(C134:O134,C137:O137)) -> subtotal
C133: Unknown Age | D133: <1 | E133: 1-4 | F133: 5-9 | G133: 10-14 | H133: 15-19 | I133: 20-24 | J133: 25-29 | K133: 30-34 | L133: 35-39 | M133: 40-44 | N133: 45-49 | O133: 50+
B134: Female | C134: =SUMPRODUCT(('Testing-All Others'!$G$2=HTS_INDEX!$E$2:$E$350)*(HTS_INDEX!DM$2:DM$350)) -> 0 | D134: =SUMPRODUCT(('Testing-All Others'!$G$2=HTS_INDEX!$E$2:$E$350)*(HTS_INDEX!DN$2:DN$350)) -> 0 | E134: =SUMPRODUCT(('Testing-All Others'!$G$2=HTS_INDEX!$E$2:$E$350)*(HTS_INDEX!DO$2:DO$350)) -> 0 | F134: =SUMPRODUCT(('Testing-All Others'!$G$2=HTS_INDEX!$E$2:$E$350)*(HTS_INDEX!DP$2:DP$350)) -> 0 | G134: =SUMPRODUCT(('Testing-All Others'!$G$2=HTS_INDEX!$E$2:$E$350)*(HTS_INDEX!DQ$2:DQ$350)) -> 0 | H134: =SUMPRODUCT(('Testing-All Others'!$G$2=HTS_INDEX!$E$2:$E$350)*(HTS_INDEX!DR$2:DR$350)) -> 0 | I134: =SUMPRODUCT(('Testing-All Others'!$G$2=HTS_INDEX!$E$2:$E$350)*(HTS_INDEX!DS$2:DS$350)) -> 0 | J134: =SUMPRODUCT(('Testing-All Others'!$G$2=HTS_INDEX!$E$2:$E$350)*(HTS_INDEX!DT$2:DT$350)) -> 0 | ... O134: =SUMPRODUCT(('Testing-All Others'!$G$2=HTS_INDEX!$E$2:$E$350)*(HTS_INDEX!DY$2:DY$350)) -> 0 | P134: =IF(SUM(C134:O134)=0,"subtotal",SUM(C134:O134)) -> subtotal
C136: Unknown Age | D136: <1 | E136: 1-4 | F136: 5-9 | G136: 10-14 | H136: 15-19 | I136: 20-24 | J136: 25-29 | K136: 30-34 | L136: 35-39 | M136: 40-44 | N136: 45-49 | O136: 50+
B137: Male | C137: =SUMPRODUCT(('Testing-All Others'!$G$2=HTS_INDEX!$E$2:$E$350)*(HTS_INDEX!DZ$2:DZ$350)) -> 0 | D137: =SUMPRODUCT(('Testing-All Others'!$G$2=HTS_INDEX!$E$2:$E$350)*(HTS_INDEX!EA$2:EA$350)) -> 0 | E137: =SUMPRODUCT(('Testing-All Others'!$G$2=HTS_INDEX!$E$2:$E$350)*(HTS_INDEX!EB$2:EB$350)) -> 0 | F137: =SUMPRODUCT(('Testing-All Others'!$G$2=HTS_INDEX!$E$2:$E$350)*(HTS_INDEX!EC$2:EC$350)) -> 0 | G137: =SUMPRODUCT(('Testing-All Others'!$G$2=HTS_INDEX!$E$2:$E$350)*(HTS_INDEX!ED$2:ED$350)) -> 0 | H137: =SUMPRODUCT(('Testing-All Others'!$G$2=HTS_INDEX!$E$2:$E$350)*(HTS_INDEX!EE$2:EE$350)) -> 0 | I137: =SUMPRODUCT(('Testing-All Others'!$G$2=HTS_INDEX!$E$2:$E$350)*(HTS_INDEX!EF$2:EF$350)) -> 0 | J137: =SUMPRODUCT(('Testing-All Others'!$G$2=HTS_INDEX!$E$2:$E$350)*(HTS_INDEX!EG$2:EG$350)) -> 0 | ... O137: =SUMPRODUCT(('Testing-All Others'!$G$2=HTS_INDEX!$E$2:$E$350)*(HTS_INDEX!EL$2:EL$350)) -> 0 | P137: =IF(SUM(C137:O137)=0,"subtotal",SUM(C137:O137)) -> subtotal
B139: Optional | D139: Number of contacts tested by test result and age/sex
B141: Known Positives | C141: =IF(SUM(C144:O144,C147:O147)=0,"subtotal",SUM(C144:O144,C147:O147)) -> subtotal
C143: Unknown Age | D143: <1 | E143: 1-4 | F143: 5-9 | G143: 10-14 | H143: 15-19 | I143: 20-24 | J143: 25-29 | K143: 30-34 | L143: 35-39 | M143: 40-44 | N143: 45-49 | O143: 50+
B144: Female | C144: =SUMPRODUCT(('Testing-All Others'!$G$2=HTS_INDEX!$E$2:$E$350)*(HTS_INDEX!BM$2:BM$350)) -> 0 | D144: =SUMPRODUCT(('Testing-All Others'!$G$2=HTS_INDEX!$E$2:$E$350)*(HTS_INDEX!BN$2:BN$350)) -> 0 | E144: =SUMPRODUCT(('Testing-All Others'!$G$2=HTS_INDEX!$E$2:$E$350)*(HTS_INDEX!BO$2:BO$350)) -> 0 | F144: =SUMPRODUCT(('Testing-All Others'!$G$2=HTS_INDEX!$E$2:$E$350)*(HTS_INDEX!BP$2:BP$350)) -> 0 | G144: =SUMPRODUCT(('Testing-All Others'!$G$2=HTS_INDEX!$E$2:$E$350)*(HTS_INDEX!BQ$2:BQ$350)) -> 0 | H144: =SUMPRODUCT(('Testing-All Others'!$G$2=HTS_INDEX!$E$2:$E$350)*(HTS_INDEX!BR$2:BR$350)) -> 0 | I144: =SUMPRODUCT(('Testing-All Others'!$G$2=HTS_INDEX!$E$2:$E$350)*(HTS_INDEX!BS$2:BS$350)) -> 0 | J144: =SUMPRODUCT(('Testing-All Others'!$G$2=HTS_INDEX!$E$2:$E$350)*(HTS_INDEX!BT$2:BT$350)) -> 0 | ... O144: =SUMPRODUCT(('Testing-All Others'!$G$2=HTS_INDEX!$E$2:$E$350)*(HTS_INDEX!BY$2:BY$350)) -> 0 | P144: =IF(SUM(C144:O144)=0,"subtotal",SUM(C144:O144)) -> subtotal
C146: Unknown Age | D146: <1 | E146: 1-4 | F146: 5-9 | G146: 10-14 | H146: 15-19 | I146: 20-24 | J146: 25-29 | K146: 30-34 | L146: 35-39 | M146: 40-44 | N146: 45-49 | O146: 50+
B147: Male | C147: =SUMPRODUCT(('Testing-All Others'!$G$2=HTS_INDEX!$E$2:$E$350)*(HTS_INDEX!BZ$2:BZ$350)) -> 0 | D147: =SUMPRODUCT(('Testing-All Others'!$G$2=HTS_INDEX!$E$2:$E$350)*(HTS_INDEX!CA$2:CA$350)) -> 0 | E147: =SUMPRODUCT(('Testing-All Others'!$G$2=HTS_INDEX!$E$2:$E$350)*(HTS_INDEX!CB$2:CB$350)) -> 0 | F147: =SUMPRODUCT(('Testing-All Others'!$G$2=HTS_INDEX!$E$2:$E$350)*(HTS_INDEX!CC$2:CC$350)) -> 0 | G147: =SUMPRODUCT(('Testing-All Others'!$G$2=HTS_INDEX!$E$2:$E$350)*(HTS_INDEX!CD$2:CD$350)) -> 0 | H147: =SUMPRODUCT(('Testing-All Others'!$G$2=HTS_INDEX!$E$2:$E$350)*(HTS_INDEX!CE$2:CE$350)) -> 0 | I147: =SUMPRODUCT(('Testing-All Others'!$G$2=HTS_INDEX!$E$2:$E$350)*(HTS_INDEX!CF$2:CF$350)) -> 0 | J147: =SUMPRODUCT(('Testing-All Others'!$G$2=HTS_INDEX!$E$2:$E$350)*(HTS_INDEX!CG$2:CG$350)) -> 0 | ... O147: =SUMPRODUCT(('Testing-All Others'!$G$2=HTS_INDEX!$E$2:$E$350)*(HTS_INDEX!CL$2:CL$350)) -> 0 | P147: =IF(SUM(C147:O147)=0,"subtotal",SUM(C147:O147)) -> subtotal
B149: Documented Negatives | D149: =IF(SUM(F151,F154)=0,"subtotal",SUM(F151,F154)) -> subtotal
C150: 1-4 | D150: 5-9 | E150: 10-14
B151: Female | C151: =SUMPRODUCT(('Testing-All Others'!$G$2=HTS_INDEX!$E$2:$E$350)*(HTS_INDEX!EM$2:EM$350)) -> 0 | D151: =SUMPRODUCT(('Testing-All Others'!$G$2=HTS_INDEX!$E$2:$E$350)*(HTS_INDEX!EN$2:EN$350)) -> 0 | E151: =SUMPRODUCT(('Testing-All Others'!$G$2=HTS_INDEX!$E$2:$E$350)*(HTS_INDEX!EO$2:EO$350)) -> 0 | F151: =IF(SUM(C151:E151)=0,"subtotal",SUM(C151:E151)) -> subtotal
B154: Male | C154: =SUMPRODUCT(('Testing-All Others'!$G$2=HTS_INDEX!$E$2:$E$350)*(HTS_INDEX!EP$2:EP$350)) -> 0 | D154: =SUMPRODUCT(('Testing-All Others'!$G$2=HTS_INDEX!$E$2:$E$350)*(HTS_INDEX!EQ$2:EQ$350)) -> 0 | E154: =SUMPRODUCT(('Testing-All Others'!$G$2=HTS_INDEX!$E$2:$E$350)*(HTS_INDEX!ER$2:ER$350)) -> 0 | F154: =IF(SUM(C154:E154)=0,"subtotal",SUM(C154:E154)) -> subtotal
B160: =CONCATENATE(K2,": HTS_TST (Facility) - PITC Modality: Inpatient Services") -> : HTS_TST (Facility) - PITC Modality: Inpatient Services
B161: Required | D161: REQUIRED IF ON PATH 2. PITC Inpatient Services Disaggregated by Age / Sex / Result (Fine Disaggregate)
C164: Unknown Age | E164: <1 | G164: 1-4 | I164: 5-9 | K164: 10-14 | M164: 15-19 | O164: 20-24
C165: F | D165: M | E165: F | F165: M | G165: F | H165: M | I165: F | J165: M | K165: F | L165: M | M165: F | N165: M | O165: F | P165: M
B167: Positive | C167: =SUMPRODUCT(($G$2='HTS_TST_Inpatient Services'!$E$2:$E$350)*('HTS_TST_Inpatient Services'!G$2:G$350)) -> 0 | D167: =SUMPRODUCT(($G$2='HTS_TST_Inpatient Services'!$E$2:$E$350)*('HTS_TST_Inpatient Services'!H$2:H$350)) -> 0 | E167: =SUMPRODUCT(($G$2='HTS_TST_Inpatient Services'!$E$2:$E$350)*('HTS_TST_Inpatient Services'!I$2:I$350)) -> 0 | F167: =SUMPRODUCT(($G$2='HTS_TST_Inpatient Services'!$E$2:$E$350)*('HTS_TST_Inpatient Services'!J$2:J$350)) -> 0 | G167: =SUMPRODUCT(($G$2='HTS_TST_Inpatient Services'!$E$2:$E$350)*('HTS_TST_Inpatient Services'!K$2:K$350)) -> 0 | H167: =SUMPRODUCT(($G$2='HTS_TST_Inpatient Services'!$E$2:$E$350)*('HTS_TST_Inpatient Services'!L$2:L$350)) -> 0 | I167: =SUMPRODUCT(($G$2='HTS_TST_Inpatient Services'!$E$2:$E$350)*('HTS_TST_Inpatient Services'!M$2:M$350)) -> 0 | J167: =SUMPRODUCT(($G$2='HTS_TST_Inpatient Services'!$E$2:$E$350)*('HTS_TST_Inpatient Services'!N$2:N$350)) -> 0 | ... P167: =SUMPRODUCT(($G$2='HTS_TST_Inpatient Services'!$E$2:$E$350)*('HTS_TST_Inpatient Services'!T$2:T$350)) -> 0
B170: Negative | C170: =SUMPRODUCT(($G$2='HTS_TST_Inpatient Services'!$E$2:$E$350)*('HTS_TST_Inpatient Services'!U$2:U$350)) -> 0 | D170: =SUMPRODUCT(($G$2='HTS_TST_Inpatient Services'!$E$2:$E$350)*('HTS_TST_Inpatient Services'!V$2:V$350)) -> 0 | E170: =SUMPRODUCT(($G$2='HTS_TST_Inpatient Services'!$E$2:$E$350)*('HTS_TST_Inpatient Services'!W$2:W$350)) -> 0 | F170: =SUMPRODUCT(($G$2='HTS_TST_Inpatient Services'!$E$2:$E$350)*('HTS_TST_Inpatient Services'!X$2:X$350)) -> 0 | G170: =SUMPRODUCT(($G$2='HTS_TST_Inpatient Services'!$E$2:$E$350)*('HTS_TST_Inpatient Services'!Y$2:Y$350)) -> 0 | H170: =SUMPRODUCT(($G$2='HTS_TST_Inpatient Services'!$E$2:$E$350)*('HTS_TST_Inpatient Services'!Z$2:Z$350)) -> 0 | I170: =SUMPRODUCT(($G$2='HTS_TST_Inpatient Services'!$E$2:$E$350)*('HTS_TST_Inpatient Services'!AA$2:AA$350)) -> 0 | J170: =SUMPRODUCT(($G$2='HTS_TST_Inpatient Services'!$E$2:$E$350)*('HTS_TST_Inpatient Services'!AB$2:AB$350)) -> 0 | ... P170: =SUMPRODUCT(($G$2='HTS_TST_Inpatient Services'!$E$2:$E$350)*('HTS_TST_Inpatient Services'!AH$2:AH$350)) -> 0
C173: 25-29 | E173: 30-34 | G173: 35-39 | I173: 40-44 | K173: 45-49 | M173: 50+
C174: F | D174: M | E174: F | F174: M | G174: F | H174: M | I174: F | J174: M | K174: F | L174: M | M174: F | N174: M
B176: Positive | C176: =SUMPRODUCT(($G$2='HTS_TST_Inpatient Services'!$E$2:$E$350)*('HTS_TST_Inpatient Services'!AI$2:AI$350)) -> 0 | D176: =SUMPRODUCT(($G$2='HTS_TST_Inpatient Services'!$E$2:$E$350)*('HTS_TST_Inpatient Services'!AJ$2:AJ$350)) -> 0 | E176: =SUMPRODUCT(($G$2='HTS_TST_Inpatient Services'!$E$2:$E$350)*('HTS_TST_Inpatient Services'!AK$2:AK$350)) -> 0 | F176: =SUMPRODUCT(($G$2='HTS_TST_Inpatient Services'!$E$2:$E$350)*('HTS_TST_Inpatient Services'!AL$2:AL$350)) -> 0 | G176: =SUMPRODUCT(($G$2='HTS_TST_Inpatient Services'!$E$2:$E$350)*('HTS_TST_Inpatient Services'!AM$2:AM$350)) -> 0 | H176: =SUMPRODUCT(($G$2='HTS_TST_Inpatient Services'!$E$2:$E$350)*('HTS_TST_Inpatient Services'!AN$2:AN$350)) -> 0 | I176: =SUMPRODUCT(($G$2='HTS_TST_Inpatient Services'!$E$2:$E$350)*('HTS_TST_Inpatient Services'!AO$2:AO$350)) -> 0 | J176: =SUMPRODUCT(($G$2='HTS_TST_Inpatient Services'!$E$2:$E$350)*('HTS_TST_Inpatient Services'!AP$2:AP$350)) -> 0 | ... N176: =SUMPRODUCT(($G$2='HTS_TST_Inpatient Services'!$E$2:$E$350)*('HTS_TST_Inpatient Services'!AT$2:AT$350)) -> 0
B179: Negative | C179: =SUMPRODUCT(($G$2='HTS_TST_Inpatient Services'!$E$2:$E$350)*('HTS_TST_Inpatient Services'!AU$2:AU$350)) -> 0 | D179: =SUMPRODUCT(($G$2='HTS_TST_Inpatient Services'!$E$2:$E$350)*('HTS_TST_Inpatient Services'!AV$2:AV$350)) -> 0 | E179: =SUMPRODUCT(($G$2='HTS_TST_Inpatient Services'!$E$2:$E$350)*('HTS_TST_Inpatient Services'!AW$2:AW$350)) -> 0 | F179: =SUMPRODUCT(($G$2='HTS_TST_Inpatient Services'!$E$2:$E$350)*('HTS_TST_Inpatient Services'!AX$2:AX$350)) -> 0 | G179: =SUMPRODUCT(($G$2='HTS_TST_Inpatient Services'!$E$2:$E$350)*('HTS_TST_Inpatient Services'!AY$2:AY$350)) -> 0 | H179: =SUMPRODUCT(($G$2='HTS_TST_Inpatient Services'!$E$2:$E$350)*('HTS_TST_Inpatient Services'!AZ$2:AZ$350)) -> 0 | I179: =SUMPRODUCT(($G$2='HTS_TST_Inpatient Services'!$E$2:$E$350)*('HTS_TST_Inpatient Services'!BA$2:BA$350)) -> 0 | J179: =SUMPRODUCT(($G$2='HTS_TST_Inpatient Services'!$E$2:$E$350)*('HTS_TST_Inpatient Services'!BB$2:BB$350)) -> 0 | ... N179: =SUMPRODUCT(($G$2='HTS_TST_Inpatient Services'!$E$2:$E$350)*('HTS_TST_Inpatient Services'!BF$2:BF$350)) -> 0
B182: Subtotal | C182: =IF(SUM(C167:P167,C170:P170,C176:N176,C179:N179)=0,"subtotal",SUM(C167:P167,C170:P170,C176:N176,C179:N179)) -> subtotal
B184: =CONCATENATE(K2,": HTS_TST (Facility) - Pediatric Services") -> : HTS_TST (Facility) - Pediatric Services
B185: Required | D185: REQUIRED IF ON PATH 2. PITC Pediatric Services (Under 5 or EPI) Disaggregated by Age / Result
C187: Unknown Age | E187: <1 | G187: 1-4
C188: F | D188: M | E188: F | F188: M | G188: F | H188: M
B190: Positive | C190: =SUMPRODUCT(($G$2='HTS_TST_Pediatric Services'!$E$2:$E$350)*('HTS_TST_Pediatric Services'!G$2:G$350)) -> 0 | D190: =SUMPRODUCT(($G$2='HTS_TST_Pediatric Services'!$E$2:$E$350)*('HTS_TST_Pediatric Services'!H$2:H$350)) -> 0 | E190: =SUMPRODUCT(($G$2='HTS_TST_Pediatric Services'!$E$2:$E$350)*('HTS_TST_Pediatric Services'!I$2:I$350)) -> 0 | F190: =SUMPRODUCT(($G$2='HTS_TST_Pediatric Services'!$E$2:$E$350)*('HTS_TST_Pediatric Services'!J$2:J$350)) -> 0 | G190: =SUMPRODUCT(($G$2='HTS_TST_Pediatric Services'!$E$2:$E$350)*('HTS_TST_Pediatric Services'!K$2:K$350)) -> 0 | H190: =SUMPRODUCT(($G$2='HTS_TST_Pediatric Services'!$E$2:$E$350)*('HTS_TST_Pediatric Services'!L$2:L$350)) -> 0
B193: Negative | C193: =SUMPRODUCT(($G$2='HTS_TST_Pediatric Services'!$E$2:$E$350)*('HTS_TST_Pediatric Services'!M$2:M$350)) -> 0 | D193: =SUMPRODUCT(($G$2='HTS_TST_Pediatric Services'!$E$2:$E$350)*('HTS_TST_Pediatric Services'!N$2:N$350)) -> 0 | E193: =SUMPRODUCT(($G$2='HTS_TST_Pediatric Services'!$E$2:$E$350)*('HTS_TST_Pediatric Services'!O$2:O$350)) -> 0 | F193: =SUMPRODUCT(($G$2='HTS_TST_Pediatric Services'!$E$2:$E$350)*('HTS_TST_Pediatric Services'!P$2:P$350)) -> 0 | G193: =SUMPRODUCT(($G$2='HTS_TST_Pediatric Services'!$E$2:$E$350)*('HTS_TST_Pediatric Services'!Q$2:Q$350)) -> 0 | H193: =SUMPRODUCT(($G$2='HTS_TST_Pediatric Services'!$E$2:$E$350)*('HTS_TST_Pediatric Services'!R$2:R$350)) -> 0
B196: Sub-Total | C196: =IF(SUM(C190:H190,C193:H193)=0,"subtotal",SUM(C190:H190,C193:H193)) -> subtotal
B201: Facility Name: | C201: =C2 -> USAID Tujenge Jamii | H201: Support Type | K201: =K2 | M201: Period | N201: =N2 -> 0
B202: =CONCATENATE(K2,": HTS_TST (Facility) - Malnutrition Clinics") -> : HTS_TST (Facility) - Malnutrition Clinics
B203: Required | D203: REQUIRED IF ON PATH 2. PITC Malnutrition Clinics Disaggregated by Age / Result
C205: Unknown Age | E205: <1 | G205: 1-4
C206: F | D206: M | E206: F | F206: M | G206: F | H206: M
B208: Positive | C208: =SUMPRODUCT(($G$2='HTS_TST_Malnutrition Clinics'!$E$2:$E$350)*('HTS_TST_Malnutrition Clinics'!G$2:G$350)) -> 0 | D208: =SUMPRODUCT(($G$2='HTS_TST_Malnutrition Clinics'!$E$2:$E$350)*('HTS_TST_Malnutrition Clinics'!H$2:H$350)) -> 0 | E208: =SUMPRODUCT(($G$2='HTS_TST_Malnutrition Clinics'!$E$2:$E$350)*('HTS_TST_Malnutrition Clinics'!I$2:I$350)) -> 0 | F208: =SUMPRODUCT(($G$2='HTS_TST_Malnutrition Clinics'!$E$2:$E$350)*('HTS_TST_Malnutrition Clinics'!J$2:J$350)) -> 0 | G208: =SUMPRODUCT(($G$2='HTS_TST_Malnutrition Clinics'!$E$2:$E$350)*('HTS_TST_Malnutrition Clinics'!K$2:K$350)) -> 0 | H208: =SUMPRODUCT(($G$2='HTS_TST_Malnutrition Clinics'!$E$2:$E$350)*('HTS_TST_Malnutrition Clinics'!L$2:L$350)) -> 0
B211: Negative | C211: =SUMPRODUCT(($G$2='HTS_TST_Malnutrition Clinics'!$E$2:$E$350)*('HTS_TST_Malnutrition Clinics'!M$2:M$350)) -> 0 | D211: =SUMPRODUCT(($G$2='HTS_TST_Malnutrition Clinics'!$E$2:$E$350)*('HTS_TST_Malnutrition Clinics'!N$2:N$350)) -> 0 | E211: =SUMPRODUCT(($G$2='HTS_TST_Malnutrition Clinics'!$E$2:$E$350)*('HTS_TST_Malnutrition Clinics'!O$2:O$350)) -> 0 | F211: =SUMPRODUCT(($G$2='HTS_TST_Malnutrition Clinics'!$E$2:$E$350)*('HTS_TST_Malnutrition Clinics'!P$2:P$350)) -> 0 | G211: =SUMPRODUCT(($G$2='HTS_TST_Malnutrition Clinics'!$E$2:$E$350)*('HTS_TST_Malnutrition Clinics'!Q$2:Q$350)) -> 0 | H211: =SUMPRODUCT(($G$2='HTS_TST_Malnutrition Clinics'!$E$2:$E$350)*('HTS_TST_Malnutrition Clinics'!R$2:R$350)) -> 0
B214: Sub-Total | C214: =IF(SUM(C208:H208,C211:H211)=0,"subtotal",SUM(C208:H208,C211:H211)) -> subtotal
...

Sheet HTS_TST_Inpatient Services
A1: period | B1: County | C1: sub_county | D1: Facility | E1: MFLCode | F1: Support Type | G1: Pos Unknown Age F | H1: Pos Unknown Age M | I1: Pos < 1 F | J1: Pos < 1 M | K1: Pos 1-4 F | L1: Pos 1-4 M | M1: Pos 5-9 F | N1: Pos 5-9 M | O1: Pos 10-14 F | P1: Pos 10-14 M | Q1: Pos 15-19 F | R1: Pos 15-19 M | S1: Pos 20-24 F | T1: Pos 20-24 M | U1: Neg Unknown Age F | V1: Neg Unknown Age M | W1: Neg < 1 F | X1: Neg < 1 M | Y1: Neg 1-4 F | Z1: Neg 1-4 M | AA1: Neg 5-9 F | AB1: Neg 5-9 M | AC1: Neg 10-14 F | AD1: Neg 10-14 M | AE1: Neg 15-19 F | AF1: Neg 15-19 M | AG1: Neg 20-24 F | AH1: Neg 20-24 M | AI1: Pos 25-29 F | AJ1: Pos 25-29 M | AK1: Pos 30-34 F | AL1: Pos 30-34 M | AM1: Pos 35-39 F | AN1: Pos 35-39 M | AO1: Pos 40-44 F | AP1: Pos 40-44 M | AQ1: Pos 45-49 F | AR1: Pos 45-49 M | AS1: Pos 50 F | AT1: Pos 50 M | AU1: Neg 25-29 F | AV1: Neg 25-29 M | AW1: Neg 30-34 F | AX1: Neg 30-34 M | AY1: Neg 35-39 F | AZ1: Neg 35-39 M | BA1: Neg 40-44 F | BB1: Neg 40-44 M | BC1: Neg 45-49 F | BD1: Neg 45-49 M | BE1: Neg 50 F | BF1: Neg 50 M | BG1: Inpatient Total | BH1: ART High Volume | BI1: HTC High Volume | BJ1: PMTCT High Volume
A350: =A2 -> 0 | B350: USAID Tujenge Jamii | C350: USAID Tujenge Jamii | D350: USAID Tujenge Jamii | E350: 11111 | F350: DSD | G350: =SUM(G2:G349) -> 0 | H350: =SUM(H2:H349) -> 0 | I350: =SUM(I2:I349) -> 0 | J350: =SUM(J2:J349) -> 0 | K350: =SUM(K2:K349) -> 0 | L350: =SUM(L2:L349) -> 0 | M350: =SUM(M2:M349) -> 0 | N350: =SUM(N2:N349) -> 0 | ... BG350: =SUM(BG2:BG349) -> 0 | BH350: 1 | BI350: 1 | BJ350: 1

Sheet HTS_TST_Pediatric Services
A1: period | B1: County | C1: sub_county | D1: Facility | E1: MFLCode | F1: Support Type | G1: Pos Uknkown Age F | H1: Pos Uknkown Age M | I1: Pos < 1 F | J1: Pos < 1 M | K1: Pos 1-4 F | L1: Pos 1-4 M | M1: Neg Uknown Age F | N1: Neg Uknkown Age M | O1: Neg < 1 F | P1: Neg < 1 M | Q1: Neg 1-4 F | R1: Neg 1-4 M | S1: Ped Total | T1: ART High Volume | U1: HTC High Volume | V1: PMTCT High Volume
A350: =A2 -> 0 | B350: USAID Tujenge Jamii | C350: USAID Tujenge Jamii | D350: USAID Tujenge Jamii | E350: 11111 | F350: DSD | G350: =SUM(G2:G349) -> 0 | H350: =SUM(H2:H349) -> 0 | I350: =SUM(I2:I349) -> 0 | J350: =SUM(J2:J349) -> 0 | K350: =SUM(K2:K349) -> 0 | L350: =SUM(L2:L349) -> 0 | M350: =SUM(M2:M349) -> 0 | N350: =SUM(N2:N349) -> 0 | ... S350: =SUM(S2:S349) -> 0 | T350: 1 | U350: 1 | V350: 1

Sheet HTS_TST_Malnutrition Clinics
A1: period | B1: County | C1: sub_county | D1: Facility | E1: MFLCode | F1: Support Type | G1: Pos Uknkown Age F | H1: Pos Uknkown Age M | I1: Pos < 1 F | J1: Pos < 1 M | K1: Pos 1-4 F | L1: Pos 1-4 M | M1: Neg Uknkown Age F | N1: Neg Uknkown Age M | O1: Neg < 1 F | P1: Neg < 1 M | Q1: Neg 1-4 F | R1: Neg 1-4 M | S1: Mal Total | T1: ART High Volume | U1: HTC High Volume | V1: PMTCT High Volume
A350: =A2 -> 0 | B350: USAID Tujenge Jamii | C350: USAID Tujenge Jamii | D350: USAID Tujenge Jamii | E350: 11111 | F350: DSD | G350: =SUM(G2:G349) -> 0 | H350: =SUM(H2:H349) -> 0 | I350: =SUM(I2:I349) -> 0 | J350: =SUM(J2:J349) -> 0 | K350: =SUM(K2:K349) -> 0 | L350: =SUM(L2:L349) -> 0 | M350: =SUM(M2:M349) -> 0 | N350: =SUM(N2:N349) -> 0 | ... S350: =SUM(S2:S349) -> 0

Sheet HTS_TST_PMTCT Post ANC1_Preg_LD
A1: period | B1: County | C1: sub_county | D1: Facility | E1: MFLCode | F1: Support Type | G1: Pos Unknown Age | H1: Pos 10-14 | I1: Pos 15-19 | J1: Pos 20-24 | K1: Pos 25-29 | L1: Pos 30-34 | M1: Pos 35-39 | N1: Pos 40-44 | O1: Pos 45-49 | P1: Pos 50+ | Q1: Neg Unknown Age | R1: Neg 10-14 | S1: Neg 15-19 | T1: Neg 20-24 | U1: Neg 25-29 | V1: Neg 30-34 | W1: Neg 35-39 | X1: Neg 40-44 | Y1: Neg 45-49 | Z1: Neg 50+ | AA1: PMTCT PNC Total | AB1: ART High Volume | AC1: HTC High Volume | AD1: PMTCT High Volume
A350: =A2 -> 0 | B350: USAID Tujenge Jamii | C350: USAID Tujenge Jamii | D350: USAID Tujenge Jamii | E350: 11111 | F350: DSD | G350: =SUM(G2:G349) -> 0 | H350: =SUM(H2:H349) -> 0 | I350: =SUM(I2:I349) -> 0 | J350: =SUM(J2:J349) -> 0 | K350: =SUM(K2:K349) -> 0 | L350: =SUM(L2:L349) -> 0 | M350: =SUM(M2:M349) -> 0 | N350: =SUM(N2:N349) -> 0 | ... AA350: =SUM(AA2:AA349) -> 0 | AB350: 1 | AC350: 1 | AD350: 1

Sheet HTS_TST_PMTCT Post ANC1_BF
A1: period | B1: County | C1: sub_county | D1: Facility | E1: MFLCode | F1: Support Type | G1: Pos Unknown Age | H1: Pos 10-14 | I1: Pos 15-19 | J1: Pos 20-24 | K1: Pos 25-29 | L1: Pos 30-34 | M1: Pos 35-39 | N1: Pos 40-44 | O1: Pos 45-49 | P1: Pos 50+ | Q1: Neg Unknown Age | R1: Neg 10-14 | S1: Neg 15-19 | T1: Neg 20-24 | U1: Neg 25-29 | V1: Neg 30-34 | W1: Neg 35-39 | X1: Neg 40-44 | Y1: Neg 45-49 | Z1: Neg 50+ | AA1: PMTCT PNC Total | AB1: ART High Volume | AC1: HTC High Volume | AD1: PMTCT High Volume
A350: =A2 -> 0 | B350: USAID Tujenge Jamii | C350: USAID Tujenge Jamii | D350: USAID Tujenge Jamii | E350: 11111 | F350: DSD | G350: =SUM(G2:G349) -> 0 | H350: =SUM(H2:H349) -> 0 | I350: =SUM(I2:I349) -> 0 | J350: =SUM(J2:J349) -> 0 | K350: =SUM(K2:K349) -> 0 | L350: =SUM(L2:L349) -> 0 | M350: =SUM(M2:M349) -> 0 | N350: =SUM(N2:N349) -> 0 | ... AA350: =SUM(AA2:AA349) -> 0 | AB350: 1 | AC350: 1 | AD350: 1

Sheet HTS_TST_STI Clinic
A1: period | B1: County | C1: sub_county | D1: Facility | E1: MFLCode | F1: Support Type | G1: Pos Unknown Age F | H1: Pos Unknown Age M | I1: Pos < 1 F | J1: Pos < 1 M | K1: Pos 1-4 F | L1: Pos 1-4 M | M1: Pos 5-9 F | N1: Pos 5-9 M | O1: Pos 10-14 F | P1: Pos 10-14 M | Q1: Pos 15-19 F | R1: Pos 15-19 M | S1: Pos 20-24 F | T1: Pos 20-24 M | U1: Neg Unknown Age F | V1: Neg Unknown Age M | W1: Neg < 1 F | X1: Neg < 1 M | Y1: Neg 1-4 F | Z1: Neg 1-4 M | AA1: Neg 5-9 F | AB1: Neg 5-9 M | AC1: Neg 10-14 F | AD1: Neg 10-14 M | AE1: Neg 15-19 F | AF1: Neg 15-19 M | AG1: Neg 20-24 F | AH1: Neg 20-24 M | AI1: Pos 25-29 F | AJ1: Pos 25-29 M | AK1: Pos 30-34 F | AL1: Pos 30-34 M | AM1: Pos 35-39 F | AN1: Pos 35-39 M | AO1: Pos 40-44 F | AP1: Pos 40-44 M | AQ1: Pos 45-49 F | AR1: Pos 45-49 M | AS1: Pos 50 F | AT1: Pos 50 M | AU1: Neg 25-29 F | AV1: Neg 25-29 M | AW1: Neg 30-34 F | AX1: Neg 30-34 M | AY1: Neg 35-39 F | AZ1: Neg 35-39 M | BA1: Neg 40-44 F | BB1: Neg 40-44 M | BC1: Neg 45-49 F | BD1: Neg 45-49 M | BE1: Neg 50 F | BF1: Neg 50 M | BG1: STI Total | BH1: ART High Volume | BI1: HTC High Volume | BJ1: PMTCT High Volume
A350: =A2 -> 0 | B350: USAID Tujenge Jamii | C350: USAID Tujenge Jamii | D350: USAID Tujenge Jamii | E350: 11111 | F350: DSD | G350: =SUM(G2:G349) -> 0 | H350: =SUM(H2:H349) -> 0 | I350: =SUM(I2:I349) -> 0 | J350: =SUM(J2:J349) -> 0 | K350: =SUM(K2:K349) -> 0 | L350: =SUM(L2:L349) -> 0 | M350: =SUM(M2:M349) -> 0 | N350: =SUM(N2:N349) -> 0 | ... BG350: =SUM(BG2:BG349) -> 0 | BH350: 1 | BI350: 1 | BJ350: 1

Sheet HTS_TST_Emergency Ward
A1: period | B1: County | C1: sub_county | D1: Facility | E1: MFLCode | F1: Support Type | G1: Pos Unknown Age F | H1: Pos Unknown Age M | I1: Pos < 1 F | J1: Pos < 1 M | K1: Pos 1-4 F | L1: Pos 1-4 M | M1: Pos 5-9 F | N1: Pos 5-9 M | O1: Pos 10-14 F | P1: Pos 10-14 M | Q1: Pos 15-19 F | R1: Pos 15-19 M | S1: Pos 20-24 F | T1: Pos 20-24 M | U1: Neg Unknown Age F | V1: Neg Unknown Age M | W1: Neg < 1 F | X1: Neg < 1 M | Y1: Neg 1-4 F | Z1: Neg 1-4 M | AA1: Neg 5-9 F | AB1: Neg 5-9 M | AC1: Neg 10-14 F | AD1: Neg 10-14 M | AE1: Neg 15-19 F | AF1: Neg 15-19 M | AG1: Neg 20-24 F | AH1: Neg 20-24 M | AI1: Pos 25-29 F | AJ1: Pos 25-29 M | AK1: Pos 30-34 F | AL1: Pos 30-34 M | AM1: Pos 35-39 F | AN1: Pos 35-39 M | AO1: Pos 40-44 F | AP1: Pos 40-44 M | AQ1: Pos 45-49 F | AR1: Pos 45-49 M | AS1: Pos 50 F | AT1: Pos 50 M | AU1: Neg 25-29 F | AV1: Neg 25-29 M | AW1: Neg 30-34 F | AX1: Neg 30-34 M | AY1: Neg 35-39 F | AZ1: Neg 35-39 M | BA1: Neg 40-44 F | BB1: Neg 40-44 M | BC1: Neg 45-49 F | BD1: Neg 45-49 M | BE1: Neg 50 F | BF1: Neg 50 M | BG1: Emergency Total | BH1: ART High Volume | BI1: HTC High Volume | BJ1: PMTCT High Volume
A350: =A2 -> 0 | B350: USAID Tujenge Jamii | C350: USAID Tujenge Jamii | D350: USAID Tujenge Jamii | E350: 11111 | F350: DSD | G350: =SUM(G2:G349) -> 0 | H350: =SUM(H2:H349) -> 0 | I350: =SUM(I2:I349) -> 0 | J350: =SUM(J2:J349) -> 0 | K350: =SUM(K2:K349) -> 0 | L350: =SUM(L2:L349) -> 0 | M350: =SUM(M2:M349) -> 0 | N350: =SUM(N2:N349) -> 0 | ... BG350: =SUM(BG2:BG349) -> 0

Sheet HTS_TST_Other PITC
A1: period | B1: County | C1: sub_county | D1: Facility | E1: MFLCode | F1: Support Type | G1: Pos Unknown Age F | H1: Pos Unknown Age M | I1: Pos < 1 F | J1: Pos < 1 M | K1: Pos 1-4 F | L1: Pos 1-4 M | M1: Pos 5-9 F | N1: Pos 5-9 M | O1: Pos 10-14 F | P1: Pos 10-14 M | Q1: Pos 15-19 F | R1: Pos 15-19 M | S1: Pos 20-24 F | T1: Pos 20-24 M | U1: Neg Unknown Age F | V1: Neg Unknown Age M | W1: Neg < 1 F | X1: Neg < 1 M | Y1: Neg 1-4 F | Z1: Neg 1-4 M | AA1: Neg 5-9 F | AB1: Neg 5-9 M | AC1: Neg 10-14 F | AD1: Neg 10-14 M | AE1: Neg 15-19 F | AF1: Neg 15-19 M | AG1: Neg 20-24 F | AH1: Neg 20-24 M | AI1: Pos 25-29 F | AJ1: Pos 25-29 M | AK1: Pos 30-34 F | AL1: Pos 30-34 M | AM1: Pos 35-39 F | AN1: Pos 35-39 M | AO1: Pos 40-44 F | AP1: Pos 40-44 M | AQ1: Pos 45-49 F | AR1: Pos 45-49 M | AS1: Pos 50 F | AT1: Pos 50 M | AU1: Neg 25-29 F | AV1: Neg 25-29 M | AW1: Neg 30-34 F | AX1: Neg 30-34 M | AY1: Neg 35-39 F | AZ1: Neg 35-39 M | BA1: Neg 40-44 F | BB1: Neg 40-44 M | BC1: Neg 45-49 F | BD1: Neg 45-49 M | BE1: Neg 50 F | BF1: Neg 50 M | BG1: Total Other PITC | BH1: ART High Volume | BI1: HTC High Volume | BJ1: PMTCT High Volume
A350: =A2 -> 0 | B350: USAID Tujenge Jamii | C350: USAID Tujenge Jamii | D350: USAID Tujenge Jamii | E350: 11111 | F350: DSD | G350: =SUM(G2:G349) -> 0 | H350: =SUM(H2:H349) -> 0 | I350: =SUM(I2:I349) -> 0 | J350: =SUM(J2:J349) -> 0 | K350: =SUM(K2:K349) -> 0 | L350: =SUM(L2:L349) -> 0 | M350: =SUM(M2:M349) -> 0 | N350: =SUM(N2:N349) -> 0 | ... BG350: =SUM(BG2:BG349) -> 0 | BH350: 1 | BI350: 1 | BJ350: 1

Sheet HTS_TST_VCT
A1: period | B1: County | C1: sub_county | D1: Facility | E1: MFLCode | F1: Support Type | G1: Pos Unknown Age F | H1: Pos Unknown Age M | I1: Pos < 1 F | J1: Pos < 1 M | K1: Pos 1-4 F | L1: Pos 1-4 M | M1: Pos 5-9 F | N1: Pos 5-9 M | O1: Pos 10-14 F | P1: Pos 10-14 M | Q1: Pos 15-19 F | R1: Pos 15-19 M | S1: Pos 20-24 F | T1: Pos 20-24 M | U1: Neg Unknown Age F | V1: Neg Unknown Age M | W1: Neg < 1 F | X1: Neg < 1 M | Y1: Neg 1-4 F | Z1: Neg 1-4 M | AA1: Neg 5-9 F | AB1: Neg 5-9 M | AC1: Neg 10-14 F | AD1: Neg 10-14 M | AE1: Neg 15-19 F | AF1: Neg 15-19 M | AG1: Neg 20-24 F | AH1: Neg 20-24 M | AI1: Pos 25-29 F | AJ1: Pos 25-29 M | AK1: Pos 30-34 F | AL1: Pos 30-34 M | AM1: Pos 35-39 F | AN1: Pos 35-39 M | AO1: Pos 40-44 F | AP1: Pos 40-44 M | AQ1: Pos 45-49 F | AR1: Pos 45-49 M | AS1: Pos 50 F | AT1: Pos 50 M | AU1: Neg 25-29 F | AV1: Neg 25-29 M | AW1: Neg 30-34 F | AX1: Neg 30-34 M | AY1: Neg 35-39 F | AZ1: Neg 35-39 M | BA1: Neg 40-44 F | BB1: Neg 40-44 M | BC1: Neg 45-49 F | BD1: Neg 45-49 M | BE1: Neg 50 F | BF1: Neg 50 M | BG1: VCT Total | BH1: ART High Volume | BI1: HTC High Volume | BJ1: PMTCT High Volume
A350: =A2 -> 0 | B350: USAID Tujenge Jamii | C350: USAID Tujenge Jamii | D350: USAID Tujenge Jamii | E350: 11111 | F350: DSD | G350: =SUM(G2:G349) -> 0 | H350: =SUM(H2:H349) -> 0 | I350: =SUM(I2:I349) -> 0 | J350: =SUM(J2:J349) -> 0 | K350: =SUM(K2:K349) -> 0 | L350: =SUM(L2:L349) -> 0 | M350: =SUM(M2:M349) -> 0 | N350: =SUM(N2:N349) -> 0 | ... BG350: =SUM(BG2:BG349) -> 0 | BH350: 1 | BI350: 1 | BJ350: 1

Sheet HTS_TST_SNS
A1: period | B1: County | C1: sub_county | D1: Facility | E1: MFLCode | F1: Support Type | G1: Pos Unknown Age F | H1: Pos Unknown Age M | I1: Pos < 1 F | J1: Pos < 1 M | K1: Pos 1-4 F | L1: Pos 1-4 M | M1: Pos 5-9 F | N1: Pos 5-9 M | O1: Pos 10-14 F | P1: Pos 10-14 M | Q1: Pos 15-19 F | R1: Pos 15-19 M | S1: Pos 20-24 F | T1: Pos 20-24 M | U1: Neg Unknown Age F | V1: Neg Unknown Age M | W1: Neg < 1 F | X1: Neg < 1 M | Y1: Neg 1-4 F | Z1: Neg 1-4 M | AA1: Neg 5-9 F | AB1: Neg 5-9 M | AC1: Neg 10-14 F | AD1: Neg 10-14 M | AE1: Neg 15-19 F | AF1: Neg 15-19 M | AG1: Neg 20-24 F | AH1: Neg 20-24 M | AI1: Pos 25-29 F | AJ1: Pos 25-29 M | AK1: Pos 30-34 F | AL1: Pos 30-34 M | AM1: Pos 35-39 F | AN1: Pos 35-39 M | AO1: Pos 40-44 F | AP1: Pos 40-44 M | AQ1: Pos 45-49 F | AR1: Pos 45-49 M | AS1: Pos 50 F | AT1: Pos 50 M | AU1: Neg 25-29 F | AV1: Neg 25-29 M | AW1: Neg 30-34 F | AX1: Neg 30-34 M | AY1: Neg 35-39 F | AZ1: Neg 35-39 M | BA1: Neg 40-44 F | BB1: Neg 40-44 M | BC1: Neg 45-49 F | BD1: Neg 45-49 M | BE1: Neg 50 F | BF1: Neg 50 M | BG1: Total SNS | BH1: ART High Volume | BI1: HTC High Volume | BJ1: PMTCT High Volume
A350: =A2 -> 0 | B350: USAID Tujenge Jamii | C350: USAID Tujenge Jamii | D350: USAID Tujenge Jamii | E350: 11111 | F350: DSD | G350: =SUM(G2:G349) -> 0 | H350: =SUM(H2:H349) -> 0 | I350: =SUM(I2:I349) -> 0 | J350: =SUM(J2:J349) -> 0 | K350: =SUM(K2:K349) -> 0 | L350: =SUM(L2:L349) -> 0 | M350: =SUM(M2:M349) -> 0 | N350: =SUM(N2:N349) -> 0 | ... BG350: =SUM(BG2:BG349) -> 0 | BH350: 1 | BI350: 1 | BJ350: 1

Sheet Testing-All Others
B2: Facility Name: | C2: =Prevention!D2 -> USAID Tujenge Jamii | G2: =IFERROR(VLOOKUP(C2,Facilities!F1:H300,2,FALSE),"") | H2: Support Type | K2: =IFERROR(VLOOKUP(C2,Facilities!F1:H300,3,FALSE),"") | M2: Period | N2: =HTS_INDEX!A2 -> 0
B74: Facility Name: | C74: =C2 -> USAID Tujenge Jamii | H74: Support Type | K74: =K2 | M74: Period | N74: =N2 -> 0
B76: If MER Results data is unable to be disaggregated by DSD or TA support type, please report ALL data under the TA Support Type
B78: =CONCATENATE(K2,": HTS_SELF") -> : HTS_SELF
B79: Auto-Calculate | D79: Number of individual HIV self-test kits distributed. Numerator will auto-calculate from the directly-assisted/unassisted self-testing types. HTS_SELF is not reported under HTS_TST (or HTS_TST_POS) results.
B82: Sub-Total | C82: =IF(SUM(C90:L90,C93:L93,C103:L103,C106:L106,C109)=0,"subtotal",SUM(C90:L90,C93:L93,C103:L103,C106:L106,C109)) -> subtotal
B85: Auto-Calculate | D85: Enter the number of self-test kits distributed for directly assisted testing. Disaggregated by Directly Assisted / Age / Sex
C88: Unknown Age | D88: 10-14 | E88: 15-19 | F88: 20-24 | G88: 25-29 | H88: 30-34 | I88: 35-39 | J88: 40-44 | K88: 45-49 | L88: 50+
B90: Female | C90: =SUMPRODUCT(($G$2=HTS_SELF!$E$2:$E$350)*(HTS_SELF!H$2:H$350)) -> 0 | D90: =SUMPRODUCT(($G$2=HTS_SELF!$E$2:$E$350)*(HTS_SELF!I$2:I$350)) -> 0 | E90: =SUMPRODUCT(($G$2=HTS_SELF!$E$2:$E$350)*(HTS_SELF!J$2:J$350)) -> 0 | F90: =SUMPRODUCT(($G$2=HTS_SELF!$E$2:$E$350)*(HTS_SELF!K$2:K$350)) -> 0 | G90: =SUMPRODUCT(($G$2=HTS_SELF!$E$2:$E$350)*(HTS_SELF!L$2:L$350)) -> 0 | H90: =SUMPRODUCT(($G$2=HTS_SELF!$E$2:$E$350)*(HTS_SELF!M$2:M$350)) -> 0 | I90: =SUMPRODUCT(($G$2=HTS_SELF!$E$2:$E$350)*(HTS_SELF!N$2:N$350)) -> 0 | J90: =SUMPRODUCT(($G$2=HTS_SELF!$E$2:$E$350)*(HTS_SELF!O$2:O$350)) -> 0 | ... L90: =SUMPRODUCT(($G$2=HTS_SELF!$E$2:$E$350)*(HTS_SELF!Q$2:Q$350)) -> 0 | M90: =IF(SUM(C90:L90)=0,"subtotal",SUM(C90:L90)) -> subtotal
B93: Male | C93: =SUMPRODUCT(($G$2=HTS_SELF!$E$2:$E$350)*(HTS_SELF!R$2:R$350)) -> 0 | D93: =SUMPRODUCT(($G$2=HTS_SELF!$E$2:$E$350)*(HTS_SELF!S$2:S$350)) -> 0 | E93: =SUMPRODUCT(($G$2=HTS_SELF!$E$2:$E$350)*(HTS_SELF!T$2:T$350)) -> 0 | F93: =SUMPRODUCT(($G$2=HTS_SELF!$E$2:$E$350)*(HTS_SELF!U$2:U$350)) -> 0 | G93: =SUMPRODUCT(($G$2=HTS_SELF!$E$2:$E$350)*(HTS_SELF!V$2:V$350)) -> 0 | H93: =SUMPRODUCT(($G$2=HTS_SELF!$E$2:$E$350)*(HTS_SELF!W$2:W$350)) -> 0 | I93: =SUMPRODUCT(($G$2=HTS_SELF!$E$2:$E$350)*(HTS_SELF!X$2:X$350)) -> 0 | J93: =SUMPRODUCT(($G$2=HTS_SELF!$E$2:$E$350)*(HTS_SELF!Y$2:Y$350)) -> 0 | ... L93: =SUMPRODUCT(($G$2=HTS_SELF!$E$2:$E$350)*(HTS_SELF!AA$2:AA$350)) -> 0 | M93: =IF(SUM(C93:L93)=0,"subtotal",SUM(C93:L93)) -> subtotal
B96: Sub-Total | C96: =IF(SUM(C90:L90,C93:L93)=0,"subtotal",SUM(C90:L90,C93:L93)) -> subtotal
B98: Auto-Calculate | D98: Enter the number of self-test kits distributed for unassisted testing. Disaggregated by Unassisted /Age/ Sex.
C101: Unknown Age | D101: 10-14 | E101: 15-19 | F101: 20-24 | G101: 25-29 | H101: 30-34 | I101: 35-39 | J101: 40-44 | K101: 45-49 | L101: 50+
B103: Female | C103: =SUMPRODUCT(($G$2=HTS_SELF!$E$2:$E$350)*(HTS_SELF!AB$2:AB$350)) -> 0 | D103: =SUMPRODUCT(($G$2=HTS_SELF!$E$2:$E$350)*(HTS_SELF!AC$2:AC$350)) -> 0 | E103: =SUMPRODUCT(($G$2=HTS_SELF!$E$2:$E$350)*(HTS_SELF!AD$2:AD$350)) -> 0 | F103: =SUMPRODUCT(($G$2=HTS_SELF!$E$2:$E$350)*(HTS_SELF!AE$2:AE$350)) -> 0 | G103: =SUMPRODUCT(($G$2=HTS_SELF!$E$2:$E$350)*(HTS_SELF!AF$2:AF$350)) -> 0 | H103: =SUMPRODUCT(($G$2=HTS_SELF!$E$2:$E$350)*(HTS_SELF!AG$2:AG$350)) -> 0 | I103: =SUMPRODUCT(($G$2=HTS_SELF!$E$2:$E$350)*(HTS_SELF!AH$2:AH$350)) -> 0 | J103: =SUMPRODUCT(($G$2=HTS_SELF!$E$2:$E$350)*(HTS_SELF!AI$2:AI$350)) -> 0 | ... L103: =SUMPRODUCT(($G$2=HTS_SELF!$E$2:$E$350)*(HTS_SELF!AK$2:AK$350)) -> 0 | M103: =IF(SUM(C103:L103)=0,"subtotal",SUM(C103:L103)) -> subtotal
B106: Male | C106: =SUMPRODUCT(($G$2=HTS_SELF!$E$2:$E$350)*(HTS_SELF!AL$2:AL$350)) -> 0 | D106: =SUMPRODUCT(($G$2=HTS_SELF!$E$2:$E$350)*(HTS_SELF!AM$2:AM$350)) -> 0 | E106: =SUMPRODUCT(($G$2=HTS_SELF!$E$2:$E$350)*(HTS_SELF!AN$2:AN$350)) -> 0 | F106: =SUMPRODUCT(($G$2=HTS_SELF!$E$2:$E$350)*(HTS_SELF!AO$2:AO$350)) -> 0 | G106: =SUMPRODUCT(($G$2=HTS_SELF!$E$2:$E$350)*(HTS_SELF!AP$2:AP$350)) -> 0 | H106: =SUMPRODUCT(($G$2=HTS_SELF!$E$2:$E$350)*(HTS_SELF!AQ$2:AQ$350)) -> 0 | I106: =SUMPRODUCT(($G$2=HTS_SELF!$E$2:$E$350)*(HTS_SELF!AR$2:AR$350)) -> 0 | J106: =SUMPRODUCT(($G$2=HTS_SELF!$E$2:$E$350)*(HTS_SELF!AS$2:AS$350)) -> 0 | ... L106: =SUMPRODUCT(($G$2=HTS_SELF!$E$2:$E$350)*(HTS_SELF!AU$2:AU$350)) -> 0 | M106: =IF(SUM(C106:L106)=0,"subtotal",SUM(C106:L106)) -> subtotal
B109: Unknown Sex | C109: =SUMPRODUCT(($G$2=HTS_SELF!$E$2:$E$350)*(HTS_SELF!AV$2:AV$350)) -> 0
B112: Sub-Total | C112: =IF(SUM(C106:L106,C103:L103)=0,"subtotal",SUM(C106:L106,C103:L103)) -> subtotal
B114: Required | D114: Enter the number of self-test kits distributed to key populations for directly assisted or unassisted testing. Disaggregated by key population type / self-testing type: Data on key populations should be reported in both the "Disaggregated by key population type/self-testing type" section and the "Disaggregated by Directly Assisted/Age/Sex" & "Disaggregated by Unassisted/Age/Sex" sections.
B116: Category | C116: Positive | D116: Negative | E116: Sub-total
B119: PWID | C119: 0 | D119: 0 | E119: =IF(SUM(C119:D119)=0,"subtotal",SUM(C119:D119)) -> subtotal
B122: MSM | C122: 0 | D122: 0 | E122: =IF(SUM(C122:D122)=0,"subtotal",SUM(C122:D122)) -> subtotal
B125: Transgender People | C125: 0 | D125: 0 | E125: =IF(SUM(C125:D125)=0,"subtotal",SUM(C125:D125)) -> subtotal
B128: FSW | C128: 0 | D128: 0 | E128: =IF(SUM(C128:D128)=0,"subtotal",SUM(C128:D128)) -> subtotal
B130: People in prison and other closed settings
C131: 0 | D131: 0 | E131: =IF(SUM(C131:D131)=0,"subtotal",SUM(C131:D131)) -> subtotal
B133: Required | D133: Disaggregate of Unassisted self-testing kits distributed. Enter the number of unassisted self-test kits distributed for use by:
C135: Self | E135: Sex Partner | G135: Caregiver For the Child | I135: Other
B138: Unassisted self-testing kit used by: | C138: =SUMPRODUCT(($G$2=HTS_SELF!$E$2:$E$350)*(HTS_SELF!AW$2:AW$350)) -> 0 | E138: =SUMPRODUCT(($G$2=HTS_SELF!$E$2:$E$350)*(HTS_SELF!AX$2:AX$350)) -> 0 | G138: =SUMPRODUCT(($G$2=HTS_SELF!$E$2:$E$350)*(HTS_SELF!AY$2:AY$350)) -> 0 | I138: =SUMPRODUCT(($G$2=HTS_SELF!$E$2:$E$350)*(HTS_SELF!AZ$2:AZ$350)) -> 0
B142: Facility Name: | C142: =C2 -> USAID Tujenge Jamii | H142: Support Type | K142: =K2 | M142: Period | N142: =N2 -> 0
B184: =CONCATENATE(K142,":PMTCT_EID") -> :PMTCT_EID
B185: Auto-Calculate | D185: Number of HIV-exposed infants who had a virologic HIV test (sample collected) by 12 months of birth during the reporting period. Numerator will auto-calculate from infant age at first test.
B188: Numerator | C188: =IF(SUM(F194,H194,F197,H197)=0,"subtotal",SUM(F194,H194,F197,H197)) -> subtotal
B190: Required | D190: Disaggregated by infant age at first test
F192: 0 ≤ 2 Months | H192: 2-12 Months
B193: First Test
F194: =SUMPRODUCT(($G$2=PMTCT_EID!$E$2:$E$350)*(PMTCT_EID!G$2:G$350)) -> 0 | H194: =SUMPRODUCT(($G$2=PMTCT_EID!$E$2:$E$350)*(PMTCT_EID!H$2:H$350)) -> 0
B196: Second Test or more
F197: =SUMPRODUCT(($G$2=PMTCT_EID!$E$2:$E$350)*(PMTCT_EID!I$2:I$350)) -> 0 | H197: =SUMPRODUCT(($G$2=PMTCT_EID!$E$2:$E$350)*(PMTCT_EID!J$2:J$350)) -> 0
B200: =CONCATENATE(K142,":PMTCT_HEI") -> :PMTCT_HEI
B201: Auto-Calculate | D201: Number of HIV-infected infants identified in the reporting period, whose diagnostic sample was collected by 12 months of age.Numerator will auto-calculate from the HIV-infected infant age disaggregation.
B204: Numerator | C204: =IF(SUM(F209,H209)=0,"subtotal",SUM(F209,H209)) -> subtotal
B206: Required | D206: Disaggregated by infant age at virologic sample collection and result returned.
F207: 0 ≤ 2 Months | H207: 2-12 Months
C209: Result, Positive | F209: =SUMPRODUCT(($G$2=PMTCT_EID!$E$2:$E$350)*(PMTCT_EID!K$2:K$350)) -> 0 | H209: =SUMPRODUCT(($G$2=PMTCT_EID!$E$2:$E$350)*(PMTCT_EID!L$2:L$350)) -> 0 | J209: =IF(SUM(F209,H209)=0,"subtotal",SUM(F209,H209)) -> subtotal
C212: Result, Negative | F212: =SUMPRODUCT(($G$2=PMTCT_EID!$E$2:$E$350)*(PMTCT_EID!M$2:M$350)) -> 0 | H212: =SUMPRODUCT(($G$2=PMTCT_EID!$E$2:$E$350)*(PMTCT_EID!N$2:N$350)) -> 0 | J212: =IF(SUM(F212,H212)=0,"subtotal",SUM(F212,H212)) -> subtotal
B214: Required | D214: Disaggregated by ART initiation and age at virologic sample collection.
F215: 0 ≤ 2 Months | H215: 2-12 Months
B217: Positive, Confirmed initiated ART | F217: =SUMPRODUCT(($G$2=PMTCT_EID!$E$2:$E$350)*(PMTCT_EID!O$2:O$350)) -> 0 | H217: =SUMPRODUCT(($G$2=PMTCT_EID!$E$2:$E$350)*(PMTCT_EID!P$2:P$350)) -> 0 | J217: =IF(SUM(F217,H217)=0,"subtotal",SUM(F217,H217)) -> subtotal
B221: Facility Name: | C221: =C2 -> USAID Tujenge Jamii | H221: Support Type | K221: =K2 | M221: Period | N221: =N2 -> 0
B304: Facility Name: | C304: =C$2 -> USAID Tujenge Jamii | H304: Support Type | K304: =K2 | M304: Period | N304: =N2 -> 0
B305: =CONCATENATE(K142,":CXCA_SCRN") -> :CXCA_SCRN
B306: Auto-Calculate | D306: Number of HIV-positive women on ART screened for cervical cancer. Numerator will auto-calculate from the Age/Result/Screening Visit Type
B309: Numerator | C309: =IF(SUM(E313,G331,E349)=0,"subtotal",SUM(E313,G331,E349)) -> subtotal
B311: Required | D311: Disaggregated by Age/Result/Screening Visit Type
B313: First time screened for cervical cancer | E313: =IF(SUM(N318,N323,N328)=0,"subtotal",SUM(N318,N323,N328)) -> subtotal
E316: Unknown Age | F316: 15-19 | G316: 20-24 | H316: 25-29 | I316: 30-34 | J316: 35-39 | K316: 40-44 | L316: 45-49 | M316: 50+
B318: Cervical Cancer screen: Negative | E318: {=SUMPRODUCT(($G$2=CXCA_SCRN!$E$2:$E$350)*(CXCA_SCRN!I$2:I$350))} -> 0 | F318: {=SUMPRODUCT(($G$2=CXCA_SCRN!$E$2:$E$350)*(CXCA_SCRN!J$2:J$350))} -> 0 | G318: {=SUMPRODUCT(($G$2=CXCA_SCRN!$E$2:$E$350)*(CXCA_SCRN!K$2:K$350))} -> 0 | H318: {=SUMPRODUCT(($G$2=CXCA_SCRN!$E$2:$E$350)*(CXCA_SCRN!L$2:L$350))} -> 0 | I318: {=SUMPRODUCT(($G$2=CXCA_SCRN!$E$2:$E$350)*(CXCA_SCRN!M$2:M$350))} -> 0 | J318: {=SUMPRODUCT(($G$2=CXCA_SCRN!$E$2:$E$350)*(CXCA_SCRN!N$2:N$350))} -> 0 | K318: {=SUMPRODUCT(($G$2=CXCA_SCRN!$E$2:$E$350)*(CXCA_SCRN!O$2:O$350))} -> 0 | L318: {=SUMPRODUCT(($G$2=CXCA_SCRN!$E$2:$E$350)*(CXCA_SCRN!P$2:P$350))} -> 0 | M318: {=SUMPRODUCT(($G$2=CXCA_SCRN!$E$2:$E$350)*(CXCA_SCRN!Q$2:Q$350))} -> 0 | N318: =IF(SUM(E318:M318)=0,"subtotal",SUM(E318:M318)) -> subtotal
E321: Unknown Age | F321: 15-19 | G321: 20-24 | H321: 25-29 | I321: 30-34 | J321: 35-39 | K321: 40-44 | L321: 45-49 | M321: 50+
B323: Cervical Cancer screen: Positive | E323: {=SUMPRODUCT(($G$2=CXCA_SCRN!$E$2:$E$350)*(CXCA_SCRN!S$2:S$350))} -> 0 | F323: {=SUMPRODUCT(($G$2=CXCA_SCRN!$E$2:$E$350)*(CXCA_SCRN!T$2:T$350))} -> 0 | G323: {=SUMPRODUCT(($G$2=CXCA_SCRN!$E$2:$E$350)*(CXCA_SCRN!U$2:U$350))} -> 0 | H323: {=SUMPRODUCT(($G$2=CXCA_SCRN!$E$2:$E$350)*(CXCA_SCRN!V$2:V$350))} -> 0 | I323: {=SUMPRODUCT(($G$2=CXCA_SCRN!$E$2:$E$350)*(CXCA_SCRN!W$2:W$350))} -> 0 | J323: {=SUMPRODUCT(($G$2=CXCA_SCRN!$E$2:$E$350)*(CXCA_SCRN!X$2:X$350))} -> 0 | K323: {=SUMPRODUCT(($G$2=CXCA_SCRN!$E$2:$E$350)*(CXCA_SCRN!Y$2:Y$350))} -> 0 | L323: {=SUMPRODUCT(($G$2=CXCA_SCRN!$E$2:$E$350)*(CXCA_SCRN!Z$2:Z$350))} -> 0 | M323: {=SUMPRODUCT(($G$2=CXCA_SCRN!$E$2:$E$350)*(CXCA_SCRN!AA$2:AA$350))} -> 0 | N323: =IF(SUM(E323:M323)=0,"subtotal",SUM(E323:M323)) -> subtotal
E326: Unknown Age | F326: 15-19 | G326: 20-24 | H326: 25-29 | I326: 30-34 | J326: 35-39 | K326: 40-44 | L326: 45-49 | M326: 50+
B328: Cervical Cancer screen: Suspected Cancer | E328: {=SUMPRODUCT(($G$2=CXCA_SCRN!$E$2:$E$350)*(CXCA_SCRN!AC$2:AC$350))} -> 0 | F328: {=SUMPRODUCT(($G$2=CXCA_SCRN!$E$2:$E$350)*(CXCA_SCRN!AD$2:AD$350))} -> 0 | G328: {=SUMPRODUCT(($G$2=CXCA_SCRN!$E$2:$E$350)*(CXCA_SCRN!AE$2:AE$350))} -> 0 | H328: {=SUMPRODUCT(($G$2=CXCA_SCRN!$E$2:$E$350)*(CXCA_SCRN!AF$2:AF$350))} -> 0 | I328: {=SUMPRODUCT(($G$2=CXCA_SCRN!$E$2:$E$350)*(CXCA_SCRN!AG$2:AG$350))} -> 0 | J328: {=SUMPRODUCT(($G$2=CXCA_SCRN!$E$2:$E$350)*(CXCA_SCRN!AH$2:AH$350))} -> 0 | K328: {=SUMPRODUCT(($G$2=CXCA_SCRN!$E$2:$E$350)*(CXCA_SCRN!AI$2:AI$350))} -> 0 | L328: {=SUMPRODUCT(($G$2=CXCA_SCRN!$E$2:$E$350)*(CXCA_SCRN!AJ$2:AJ$350))} -> 0 | M328: {=SUMPRODUCT(($G$2=CXCA_SCRN!$E$2:$E$350)*(CXCA_SCRN!AK$2:AK$350))} -> 0 | N328: =IF(SUM(E328:M328)=0,"subtotal",SUM(E328:M328)) -> subtotal
B331: Rescreened after previous negative or suspected cancer | G331: =IF(SUM(N336,N341,N346)=0,"subtotal",SUM(N336,N341,N346)) -> subtotal
E334: Unknown Age | F334: 15-19 | G334: 20-24 | H334: 25-29 | I334: 30-34 | J334: 35-39 | K334: 40-44 | L334: 45-49 | M334: 50+
B336: Cervical Cancer screen: Negative | E336: {=SUMPRODUCT(($G$2=CXCA_SCRN!$E$2:$E$350)*(CXCA_SCRN!AN$2:AN$350))} -> 0 | F336: {=SUMPRODUCT(($G$2=CXCA_SCRN!$E$2:$E$350)*(CXCA_SCRN!AO$2:AO$350))} -> 0 | G336: {=SUMPRODUCT(($G$2=CXCA_SCRN!$E$2:$E$350)*(CXCA_SCRN!AP$2:AP$350))} -> 0 | H336: {=SUMPRODUCT(($G$2=CXCA_SCRN!$E$2:$E$350)*(CXCA_SCRN!AQ$2:AQ$350))} -> 0 | I336: {=SUMPRODUCT(($G$2=CXCA_SCRN!$E$2:$E$350)*(CXCA_SCRN!AR$2:AR$350))} -> 0 | J336: {=SUMPRODUCT(($G$2=CXCA_SCRN!$E$2:$E$350)*(CXCA_SCRN!AS$2:AS$350))} -> 0 | K336: {=SUMPRODUCT(($G$2=CXCA_SCRN!$E$2:$E$350)*(CXCA_SCRN!AT$2:AT$350))} -> 0 | L336: {=SUMPRODUCT(($G$2=CXCA_SCRN!$E$2:$E$350)*(CXCA_SCRN!AU$2:AU$350))} -> 0 | M336: {=SUMPRODUCT(($G$2=CXCA_SCRN!$E$2:$E$350)*(CXCA_SCRN!AV$2:AV$350))} -> 0 | N336: =IF(SUM(E336:M336)=0,"subtotal",SUM(E336:M336)) -> subtotal
E339: Unknown Age | F339: 15-19 | G339: 20-24 | H339: 25-29 | I339: 30-34 | J339: 35-39 | K339: 40-44 | L339: 45-49 | M339: 50+
B341: Cervical Cancer screen: Positive | E341: {=SUMPRODUCT(($G$2=CXCA_SCRN!$E$2:$E$350)*(CXCA_SCRN!AX$2:AX$350))} -> 0 | F341: {=SUMPRODUCT(($G$2=CXCA_SCRN!$E$2:$E$350)*(CXCA_SCRN!AY$2:AY$350))} -> 0 | G341: {=SUMPRODUCT(($G$2=CXCA_SCRN!$E$2:$E$350)*(CXCA_SCRN!AZ$2:AZ$350))} -> 0 | H341: {=SUMPRODUCT(($G$2=CXCA_SCRN!$E$2:$E$350)*(CXCA_SCRN!BA$2:BA$350))} -> 0 | I341: {=SUMPRODUCT(($G$2=CXCA_SCRN!$E$2:$E$350)*(CXCA_SCRN!BB$2:BB$350))} -> 0 | J341: {=SUMPRODUCT(($G$2=CXCA_SCRN!$E$2:$E$350)*(CXCA_SCRN!BC$2:BC$350))} -> 0 | K341: {=SUMPRODUCT(($G$2=CXCA_SCRN!$E$2:$E$350)*(CXCA_SCRN!BD$2:BD$350))} -> 0 | L341: {=SUMPRODUCT(($G$2=CXCA_SCRN!$E$2:$E$350)*(CXCA_SCRN!BE$2:BE$350))} -> 0 | M341: {=SUMPRODUCT(($G$2=CXCA_SCRN!$E$2:$E$350)*(CXCA_SCRN!BF$2:BF$350))} -> 0 | N341: =IF(SUM(E341:M341)=0,"subtotal",SUM(E341:M341)) -> subtotal
E344: Unknown Age | F344: 15-19 | G344: 20-24 | H344: 25-29 | I344: 30-34 | J344: 35-39 | K344: 40-44 | L344: 45-49 | M344: 50+
B346: Cervical Cancer screen: Suspected Cancer | E346: {=SUMPRODUCT(($G$2=CXCA_SCRN!$E$2:$E$350)*(CXCA_SCRN!BH$2:BH$350))} -> 0 | F346: {=SUMPRODUCT(($G$2=CXCA_SCRN!$E$2:$E$350)*(CXCA_SCRN!BI$2:BI$350))} -> 0 | G346: {=SUMPRODUCT(($G$2=CXCA_SCRN!$E$2:$E$350)*(CXCA_SCRN!BJ$2:BJ$350))} -> 0 | H346: {=SUMPRODUCT(($G$2=CXCA_SCRN!$E$2:$E$350)*(CXCA_SCRN!BK$2:BK$350))} -> 0 | I346: {=SUMPRODUCT(($G$2=CXCA_SCRN!$E$2:$E$350)*(CXCA_SCRN!BL$2:BL$350))} -> 0 | J346: {=SUMPRODUCT(($G$2=CXCA_SCRN!$E$2:$E$350)*(CXCA_SCRN!BM$2:BM$350))} -> 0 | K346: {=SUMPRODUCT(($G$2=CXCA_SCRN!$E$2:$E$350)*(CXCA_SCRN!BN$2:BN$350))} -> 0 | L346: {=SUMPRODUCT(($G$2=CXCA_SCRN!$E$2:$E$350)*(CXCA_SCRN!BO$2:BO$350))} -> 0 | M346: {=SUMPRODUCT(($G$2=CXCA_SCRN!$E$2:$E$350)*(CXCA_SCRN!BP$2:BP$350))} -> 0 | N346: =IF(SUM(E346:M346)=0,"subtotal",SUM(E346:M346)) -> subtotal
B349: Post-treatment follow-up | E349: =IF(SUM(N354,N359,N364)=0,"subtotal",SUM(N354,N359,N364)) -> subtotal
E352: Unknown Age | F352: 15-19 | G352: 20-24 | H352: 25-29 | I352: 30-34 | J352: 35-39 | K352: 40-44 | L352: 45-49 | M352: 50+
B354: Cervical Cancer screen: Negative | E354: {=SUMPRODUCT(($G$2=CXCA_SCRN!$E$2:$E$350)*(CXCA_SCRN!BS$2:BS$350))} -> 0 | F354: {=SUMPRODUCT(($G$2=CXCA_SCRN!$E$2:$E$350)*(CXCA_SCRN!BT$2:BT$350))} -> 0 | G354: {=SUMPRODUCT(($G$2=CXCA_SCRN!$E$2:$E$350)*(CXCA_SCRN!BU$2:BU$350))} -> 0 | H354: {=SUMPRODUCT(($G$2=CXCA_SCRN!$E$2:$E$350)*(CXCA_SCRN!BV$2:BV$350))} -> 0 | I354: {=SUMPRODUCT(($G$2=CXCA_SCRN!$E$2:$E$350)*(CXCA_SCRN!BW$2:BW$350))} -> 0 | J354: {=SUMPRODUCT(($G$2=CXCA_SCRN!$E$2:$E$350)*(CXCA_SCRN!BX$2:BX$350))} -> 0 | K354: {=SUMPRODUCT(($G$2=CXCA_SCRN!$E$2:$E$350)*(CXCA_SCRN!BY$2:BY$350))} -> 0 | L354: {=SUMPRODUCT(($G$2=CXCA_SCRN!$E$2:$E$350)*(CXCA_SCRN!BZ$2:BZ$350))} -> 0 | M354: {=SUMPRODUCT(($G$2=CXCA_SCRN!$E$2:$E$350)*(CXCA_SCRN!CA$2:CA$350))} -> 0 | N354: =IF(SUM(E354:M354)=0,"subtotal",SUM(E354:M354)) -> subtotal
E357: Unknown Age | F357: 15-19 | G357: 20-24 | H357: 25-29 | I357: 30-34 | J357: 35-39 | K357: 40-44 | L357: 45-49 | M357: 50+
B359: Cervical Cancer screen: Positive | E359: {=SUMPRODUCT(($G$2=CXCA_SCRN!$E$2:$E$350)*(CXCA_SCRN!CC$2:CC$350))} -> 0 | F359: {=SUMPRODUCT(($G$2=CXCA_SCRN!$E$2:$E$350)*(CXCA_SCRN!CD$2:CD$350))} -> 0 | G359: {=SUMPRODUCT(($G$2=CXCA_SCRN!$E$2:$E$350)*(CXCA_SCRN!CE$2:CE$350))} -> 0 | H359: {=SUMPRODUCT(($G$2=CXCA_SCRN!$E$2:$E$350)*(CXCA_SCRN!CF$2:CF$350))} -> 0 | I359: {=SUMPRODUCT(($G$2=CXCA_SCRN!$E$2:$E$350)*(CXCA_SCRN!CG$2:CG$350))} -> 0 | J359: {=SUMPRODUCT(($G$2=CXCA_SCRN!$E$2:$E$350)*(CXCA_SCRN!CH$2:CH$350))} -> 0 | K359: {=SUMPRODUCT(($G$2=CXCA_SCRN!$E$2:$E$350)*(CXCA_SCRN!CI$2:CI$350))} -> 0 | L359: {=SUMPRODUCT(($G$2=CXCA_SCRN!$E$2:$E$350)*(CXCA_SCRN!CJ$2:CJ$350))} -> 0 | M359: {=SUMPRODUCT(($G$2=CXCA_SCRN!$E$2:$E$350)*(CXCA_SCRN!CK$2:CK$350))} -> 0 | N359: =IF(SUM(E359:M359)=0,"subtotal",SUM(E359:M359)) -> subtotal
E362: Unknown Age | F362: 15-19 | G362: 20-24 | H362: 25-29 | I362: 30-34 | J362: 35-39 | K362: 40-44 | L362: 45-49 | M362: 50+
B364: Cervical Cancer screen: Suspected Cancer | E364: {=SUMPRODUCT(($G$2=CXCA_SCRN!$E$2:$E$350)*(CXCA_SCRN!CM$2:CM$350))} -> 0 | F364: {=SUMPRODUCT(($G$2=CXCA_SCRN!$E$2:$E$350)*(CXCA_SCRN!CN$2:CN$350))} -> 0 | G364: {=SUMPRODUCT(($G$2=CXCA_SCRN!$E$2:$E$350)*(CXCA_SCRN!CO$2:CO$350))} -> 0 | H364: {=SUMPRODUCT(($G$2=CXCA_SCRN!$E$2:$E$350)*(CXCA_SCRN!CP$2:CP$350))} -> 0 | I364: {=SUMPRODUCT(($G$2=CXCA_SCRN!$E$2:$E$350)*(CXCA_SCRN!CQ$2:CQ$350))} -> 0 | J364: {=SUMPRODUCT(($G$2=CXCA_SCRN!$E$2:$E$350)*(CXCA_SCRN!CR$2:CR$350))} -> 0 | K364: {=SUMPRODUCT(($G$2=CXCA_SCRN!$E$2:$E$350)*(CXCA_SCRN!CS$2:CS$350))} -> 0 | L364: {=SUMPRODUCT(($G$2=CXCA_SCRN!$E$2:$E$350)*(CXCA_SCRN!CT$2:CT$350))} -> 0 | M364: {=SUMPRODUCT(($G$2=CXCA_SCRN!$E$2:$E$350)*(CXCA_SCRN!CU$2:CU$350))} -> 0 | N364: =IF(SUM(E364:M364)=0,"subtotal",SUM(E364:M364)) -> subtotal
B387: Facility Name: | C387: =C$2 -> USAID Tujenge Jamii | H387: Support Type | K387: =K2 | M387: Period | N387: =PMTCT_FO!A2 -> 0
B388: =CONCATENATE(K142,":PMTCT_FO") -> :PMTCT_FO
B389: Required | D389: Number of HIV-exposed infants who were born 24 months prior to the reporting period and registered in the birth cohort.
B392: Denominator | D392: {=SUMPRODUCT(($G$2=PMTCT_FO!$E$2:$E$350)*(PMTCT_FO!G$2:G$350))} -> 0
B394: Auto-Calculate | D394: Number of HIV-exposed infants with a documented outcome by 18 months of age disaggregated by outcome type. Numerator will auto-calculate from the Outcome Type Disaggregate.
B396: Numerator | D396: =IF(SUM(D401,D404,D407,D410)=0,"Subtotal",SUM(D401,D404,D407,D410)) -> Subtotal
B399: Required | D399: Numerator: Disaggregated by Outcome Type
B401: HIV-infected | D401: {=SUMPRODUCT(($G$2=PMTCT_FO!$E$2:$E$350)*(PMTCT_FO!H$2:H$350))} -> 0
B404: HIV-uninfected | D404: {=SUMPRODUCT(($G$2=PMTCT_FO!$E$2:$E$350)*(PMTCT_FO!I$2:I$350))} -> 0
B407: HIV-final status unknown | D407: {=SUMPRODUCT(($G$2=PMTCT_FO!$E$2:$E$350)*(PMTCT_FO!J$2:J$350))} -> 0
B410: Died without status known | D410: {=SUMPRODUCT(($G$2=PMTCT_FO!$E$2:$E$350)*(PMTCT_FO!K$2:K$350))} -> 0

Sheet HTS_INDEX
A1: period | B1: County | C1: sub_county | D1: Facility | E1: MFLCode | F1: Support Type | G1: Index Offered Unknown Age F | H1: Index Offered < 1 F | I1: Index Offered 1-4 F | J1: Index Offered 5-9 F | K1: Index Offered 10-14 F | L1: Index Offered 15-19 F | M1: Index Offered 20-24 F | N1: Index Offered 25-29 F | O1: Index Offered 30-34 F | P1: Index Offered 35-39 F | Q1: Index Offered 40-44 F | R1: Index Offered 45-49 F | S1: Index Offered 50+ F | T1: Index Offered Unknown Age M | U1: Index Offered < 1 M | V1: Index Offered 1-4 M | W1: Index Offered 5-9 M | X1: Index Offered 10-14 M | Y1: Index Offered 15-19 M | Z1: Index Offered 20-24 M | AA1: Index Offered 25-29 M | AB1: Index Offered 30-34 M | AC1: Index Offered 35-39 M | AD1: Index Offered 40-44 M | AE1: Index Offered 45-49 M | AF1: Index Offered 50+ M | AG1: Index Accepted Unknown Age F | AH1: Index Accepted < 1 F | AI1: Index Accepted 1-4 F | AJ1: Index Accepted 5-9 F | AK1: Index Accepted 10-14 F | AL1: Index Accepted 15-19 F | AM1: Index Accepted 20-24 F | AN1: Index Accepted 25-29 F | AO1: Index Accepted 30-34 F | AP1: Index Accepted 35-39 F | AQ1: Index Accepted 40-44 F | AR1: Index Accepted 45-49 F | AS1: Index Accepted 50+ F | AT1: Index Accepted Unknown Age M | AU1: Index Accepted < 1 M | AV1: Index Accepted 1-4 M | AW1: Index Accepted 5-9 M | AX1: Index Accepted 10-14 M | AY1: Index Accepted 15-19 M | AZ1: Index Accepted 20-24 M | BA1: Index Accepted 25-29 M | BB1: Index Accepted 30-34 M | BC1: Index Accepted 35-39 M | BD1: Index Accepted 40-44 M | BE1: Index Accepted 45-49 M | BF1: Index Accepted 50+ M | BG1: Contacts Elicited Unknown Age F | BH1: Contacts Elicited < 15 F | BI1: Contacts Elicited 15+ F | BJ1: Contacts Elicited Unknown Age M | BK1: Contacts Elicited < 15 M | BL1: Contacts Elicited 15+ M | BM1: KP Unknown Age F | BN1: KP < 1 F | BO1: KP 1-4 F | BP1: KP 5-9 F | BQ1: KP 10-14 F | BR1: KP 15-19 F | BS1: KP 20-24 F | BT1: KP 25-29 F | BU1: KP 30-34 F | BV1: KP 35-39 F | BW1: KP 40-44 F | BX1: KP 45-49 F | BY1: KP 50+ F | BZ1: KP Unknown Age M | CA1: KP < 1 M | CB1: KP 1-4 M | CC1: KP 5-9 M | CD1: KP 10-14 M | CE1: KP 15-19 M | CF1: KP 20-24 M | CG1: KP 25-29 M | CH1: KP 30-34 M | CI1: KP 35-39 M | CJ1: KP 40-44 M | CK1: KP 45-49 M | CL1: KP 50+ M | CM1: NP Unknown Age F | CN1: NP < 1 F | CO1: NP 1-4 F | CP1: NP 5-9 F | CQ1: NP 10-14 F | CR1: NP 15-19 F | CS1: NP 20-24 F | CT1: NP 25-29 F | CU1: NP 30-34 F | CV1: NP 35-39 F | CW1: NP 40-44 F | CX1: NP 45-49 F | CY1: NP 50+ F | CZ1: NP Unknown Age M | DA1: NP < 1 M | DB1: NP 1-4 M | DC1: NP 5-9 M | DD1: NP 10-14 M | DE1: NP 15-19 M | DF1: NP 20-24 M | DG1: NP 25-29 M | DH1: NP 30-34 M | DI1: NP 35-39 M | DJ1: NP 40-44 M | DK1: NP 45-49 M | DL1: NP 50+ M | DM1: NN Unknown Age F | DN1: NN < 1 F | DO1: NN 1-4 F | DP1: NN 5-9 F | DQ1: NN 10-14 F | DR1: NN 15-19 F | DS1: NN 20-24 F | DT1: NN 25-29 F | DU1: NN 30-34 F | DV1: NN 35-39 F | DW1: NN 40-44 F | DX1: NN 45-49 F | DY1: NN 50+ F | DZ1: NN Unknown Age M | EA1: NN < 1 M | EB1: NN 1-4 M | EC1: NN 5-9 M | ED1: NN 10-14 M | EE1: NN 15-19 M | EF1: NN 20-24 M | EG1: NN 25-29 M | EH1: NN 30-34 M | EI1: NN 35-39 M | EJ1: NN 40-44 M | EK1: NN 45-49 M | EL1: NN 50+ M | EM1: DN 1-4 F | EN1: DN 5-9 F | EO1: DN 10-14 F | EP1: DN 1-4 M | EQ1: DN 5-9 M | ER1: DN 10-14 M | ES1: ART High Volume | ET1: HTC High Volume | EU1: PMTCT High Volume
A350: =A2 -> 0 | B350: USAID Tujenge Jamii | C350: USAID Tujenge Jamii | D350: USAID Tujenge Jamii | E350: 11111 | F350: DSD | G350: =SUM(G2:G349) -> 0 | H350: =SUM(H2:H349) -> 0 | I350: =SUM(I2:I349) -> 0 | J350: =SUM(J2:J349) -> 0 | K350: =SUM(K2:K349) -> 0 | L350: =SUM(L2:L349) -> 0 | M350: =SUM(M2:M349) -> 0 | N350: =SUM(N2:N349) -> 0 | ... ER350: =SUM(ER2:ER349) -> 0 | ES350: 1 | ET350: 1 | EU350: 1

Sheet HTS_SELF
A1: period | B1: County | C1: sub_county | D1: Facility | E1: MFLCode | F1: Support Type | G1: Numerator | H1: Directly Ass Unknown Age F | I1: Directly Ass 10-14 F | J1: Directly Ass 15-19 F | K1: Directly Ass 20-24 F | L1: Directly Ass 25-29 F | M1: Directly Ass 30-34 F | N1: Directly Ass 35-39 F | O1: Directly Ass 40-44 F | P1: Directly Ass 45-49 F | Q1: Directly Ass 50+ F | R1: Directly Ass Unknown Age M | S1: Directly Ass 10-14 M | T1: Directly Ass 15-19 M | U1: Directly Ass 20-24 M | V1: Directly Ass 25-29 M | W1: Directly Ass 30-34 M | X1: Directly Ass 35-39 M | Y1: Directly Ass 40-44 M | Z1: Directly Ass 45-49 M | AA1: Directly Ass 50+ M | AB1: Unass Dissagg Unknown Age F | AC1: Unass Dissagg 10-14 F | AD1: Unass Dissagg 15-19 F | AE1: Unass Dissagg 20-24 F | AF1: Unass Dissagg 25-29 F | AG1: Unass Dissagg 30-34 F | AH1: Unass Dissagg 35-39 F | AI1: Unass Dissagg 40-44 F | AJ1: Unass Dissagg 45-49 F | AK1: Unass Dissagg 50+ F | AL1: Unass Dissagg Unknown Age M | AM1: Unass Dissagg 10-14 M | AN1: Unass Dissagg 15-19 M | AO1: Unass Dissagg 20-24 M | AP1: Unass Dissagg 25-29 M | AQ1: Unass Dissagg 30-34 M | AR1: Unass Dissagg 35-39 M | AS1: Unass Dissagg 40-44 M | AT1: Unass Dissagg 45-49 M | AU1: Unass Dissagg 50+ M | AV1: Unknown Sex | AW1: Unass selftes kit - Self | AX1: Unass selftes kit - Sex Partner | AY1: Unass selftes kit -Caregiver For the Child | AZ1: Unass selftes kit -Other | BA1: ART High Volume | BB1: HTC High Volume | BC1: PMTCT High Volume
A350: =A2 -> 0 | B350: USAID Tujenge Jamii | C350: USAID Tujenge Jamii | D350: USAID Tujenge Jamii | E350: 11111 | F350: DSD | G350: =SUM(G2:G349) -> 0 | H350: =SUM(H2:H349) -> 0 | I350: =SUM(I2:I349) -> 0 | J350: =SUM(J2:J349) -> 0 | K350: =SUM(K2:K349) -> 0 | L350: =SUM(L2:L349) -> 0 | M350: =SUM(M2:M349) -> 0 | N350: =SUM(N2:N349) -> 0 | ... AZ350: =SUM(AZ2:AZ349) -> 0 | BA350: 1 | BB350: 1 | BC350: 1

Sheet PMTCT_STAT
A1: period | B1: County | C1: sub_county | D1: Facility | E1: MFLCode | F1: Support Type | G1: PMTCT STAT NUM | H1: KP Unkown F | I1: KP <10 F | J1: KP 10-14 F | K1: KP 15-19 F | L1: KP 20-24 F | M1: KP 25-29 F | N1: KP 30-34 F | O1: KP 35-39 F | P1: KP 40-44 F | Q1: KP 45-49 F | R1: KP 50+ F | S1: NP Unkown F | T1: NP <10 F | U1: NP 10-14 F | V1: NP 15-19 F | W1: NP 20-24 F | X1: NP 25-29 F | Y1: NP 30-34 F | Z1: NP 35-39 F | AA1: NP 40-44 F | AB1: NP 45-49 F | AC1: NP 50+ F | AD1: NN Unkown F | AE1: NN <10 F | AF1: NN 10-14 F | AG1: NN 15-19 F | AH1: NN 20-24 F | AI1: NN 25-29 F | AJ1: NN 30-34 F | AK1: NN 35-39 F | AL1: NN 40-44 F | AM1: NN 45-49 F | AN1: NN 50+ F | AO1: RN Unkown F | AP1: RN <10 F | AQ1: RN 10-14 F | AR1: RN 15-19 F | AS1: RN 20-24 F | AT1: RN 25-29 F | AU1: RN 30-34 F | AV1: RN 35-39 F | AW1: RN 40-44 F | AX1: RN 45-49 F | AY1: RN 50+ F | AZ1: Den Unkown F | BA1: Den <10 F | BB1: Den 10-14 F | BC1: Den 15-19 F | BD1: Den 20-24 F | BE1: Den 25-29 F | BF1: Den 30-34 F | BG1: Den 35-39 F | BH1: Den 40-44 F | BI1: Den 45-49 F | BJ1: Den 50+ F | BK1: ART High Volume | BL1: HTC High Volume | BM1: PMTCT High Volume
A350: =A2 -> 0 | B350: USAID Tujenge Jamii | C350: USAID Tujenge Jamii | D350: USAID Tujenge Jamii | E350: 11111 | F350: DSD | G350: =SUM(G2:G349) -> 0 | H350: =SUM(H2:H349) -> 0 | I350: =SUM(I2:I349) -> 0 | J350: =SUM(J2:J349) -> 0 | K350: =SUM(K2:K349) -> 0 | L350: =SUM(L2:L349) -> 0 | M350: =SUM(M2:M349) -> 0 | N350: =SUM(N2:N349) -> 0 | ... BJ350: =SUM(BJ2:BJ349) -> 0 | BK350: 1 | BL350: 1 | BM350: 1

Sheet PMTCT_EID
A1: period | B1: facility_name | C1: district_name | D1: county | E1: mfl_code | F1: SupportType | G1: eid_1st_test_0_2months | H1: eid_1st_test_2_12months | I1: eid_2nd_test_0_2months | J1: eid_2nd_test_2_12months | K1: eid_pos_0_2months | L1: eid_pos_2_12months | M1: eid_neg_0_2months | N1: eid_neg_2_12months | O1: eid_pos_0_2months_ART | P1: eid_pos_2_12months_ART | Q1: ART_highvolume | R1: HTC_highvolume | S1: PMTCT_highvolume
A350: =A2 -> 0 | B350: USAID Tujenge Jamii | C350: USAID Tujenge Jamii | D350: USAID Tujenge Jamii | E350: 11111 | F350: DSD | G350: =SUM(G2:G349) -> 0 | H350: =SUM(H2:H349) -> 0 | I350: =SUM(I2:I349) -> 0 | J350: =SUM(J2:J349) -> 0 | K350: =SUM(K2:K349) -> 0 | L350: =SUM(L2:L349) -> 0 | M350: =SUM(M2:M349) -> 0 | N350: =SUM(N2:N349) -> 0 | ... P350: =SUM(P2:P349) -> 0 | Q350: 1 | R350: 1 | S350: 1

Sheet TB_STAT
A1: period | B1: County | C1: Subcounty | D1: Facility | E1: mflcode | F1: SupportType | G1: TB STAT Numerator | H1: Num KP Female unknown age | I1: Num KP Female < 1 | J1: Num KP Female 1-4 | K1: Num KP Female 5-9 | L1: Num KP Female 10-14 | M1: Num KP Female 15-19 | N1: Num KP Female 20-24 | O1: Num KP Female 25-29 | P1: Num KP Female 30-34 | Q1: Num KP Female 35-39 | R1: Num KP Female 40-44 | S1: Num KP Female 45-49 | T1: Num KP Female 50 + | U1: Num KP Male unknown age | V1: Num KP Male < 1 | W1: Num KP Male 1-4 | X1: Num KP Male 5-9 | Y1: Num KP Male 10-14 | Z1: Num KP Male 15-19 | AA1: Num KP Male 20-24 | AB1: Num KP Male 25-29 | AC1: Num KP Male 30-34 | AD1: Num KP Male 35-39 | AE1: Num KP Male 40-44 | AF1: Num KP Male 45-49 | AG1: Num KP Male 50 + | AH1: Num NP Female unknown age | AI1: Num NP Female < 1 | AJ1: Num NP Female 1-4 | AK1: Num NP Female 5-9 | AL1: Num NP Female 10-14 | AM1: Num NP Female 15-19 | AN1: Num NP Female 20-24 | AO1: Num NP Female 25-29 | AP1: Num NP Female 30-34 | AQ1: Num NP Female 35-39 | AR1: Num NP Female 40-44 | AS1: Num NP Female 45-49 | AT1: Num NP Female 50+ | AU1: Num NP Male unknown age | AV1: Num NP Male < 1 | AW1: Num NP Male 1-4 | AX1: Num NP Male 5-9 | AY1: Num NP Male 10-14 | AZ1: Num NP Male 15-19 | BA1: Num NP Male 20-24 | BB1: Num NP Male 25-29 | BC1: Num NP Male 30-34 | BD1: Num NP Male 35-39 | BE1: Num NP Male 40-44 | BF1: Num NP Male 45-49 | BG1: Num NP Male 50+ | BH1: Num NN Female unknown age | BI1: Num NN Female < 1 | BJ1: Num NN Female 1-4 | BK1: Num NN Female 5-9 | BL1: Num NN Female 10-14 | BM1: Num NN Female 15-19 | BN1: Num NN Female 20-24 | BO1: Num NN Female 25-29 | BP1: Num NN Female 30-34 | BQ1: Num NN Female 35-39 | BR1: Num NN Female 40-44 | BS1: Num NN Female 45-49 | BT1: Num NN Female 50+ | BU1: Num NN Male unknown age | BV1: Num NN Male < 1 | BW1: Num NN Male 1-4 | BX1: Num NN Male 5-9 | BY1: Num NN Male 10-14 | BZ1: Num NN Male 15-19 | CA1: Num NN Male 20-24 | CB1: Num NN Male 25-29 | CC1: Num NN Male 30-34 | CD1: Num NN Male 35-39 | CE1: Num NN Male 40-44 | CF1: Num NN Male 45-49 | CG1: Num NN Male 50+ | CH1: Num RN Female unknown age | CI1: Num RN Female < 1 | CJ1: Num RN Female 1-4 | CK1: Num RN Female 5-9 | CL1: Num RN Female 10-14 | CM1: Num RN Female 15-19 | CN1: Num RN Female 20-24 | CO1: Num RN Female 25-29 | CP1: Num RN Female 30-34 | CQ1: Num RN Female 35-39 | CR1: Num RN Female 40-44 | CS1: Num RN Female 45-49 | CT1: Num RN Female 50+ | CU1: Num RN Male unknown age | CV1: Num RN Male < 1 | CW1: Num RN Male 1-4 | CX1: Num RN Male 5-9 | CY1: Num RN Male 10-14 | CZ1: Num RN Male 15-19 | DA1: Num RN Male 20-24 | DB1: Num RN Male 25-29 | DC1: Num RN Male 30-34 | DD1: Num RN Male 35-39 | DE1: Num RN Male 40-44 | DF1: Num RN Male 45-49 | DG1: Num RN Male 50+ | DH1: TB_STAT Denominator | DI1: Den Female unknown age | DJ1: Den Female < 1 | DK1: Den Female 1-4 | DL1: Den Female 5-9 | DM1: Den Female 10-14 | DN1: Den Female 15-19 | DO1: Den Female 20-24 | DP1: Den Female 25-29 | DQ1: Den Female 30-34 | DR1: Den Female 35-39 | DS1: Den Female 40-44 | DT1: Den Female 45-49 | DU1: Den Female 50 | DV1: Den Male unknown age | DW1: Den Male < 1 | DX1: Den Male 1-4 | DY1: Den Male 5-9 | DZ1: Den Male 10-14 | EA1: Den Male 15-19 | EB1: Den Male 20-24 | EC1: Den Male 25-29 | ED1: Den Male 30-34 | EE1: Den Male 35-39 | EF1: Den Male 40-44 | EG1: Den Male 45-49 | EH1: Den Male 50 | EI1: ART High Volume | EJ1: HTC High Volume | EK1: PMTCT High Volume
A350: =A2 -> 0 | B350: USAID Tujenge Jamii | C350: USAID Tujenge Jamii | D350: USAID Tujenge Jamii | E350: 11111 | F350: DSD | G350: =SUM(G2:G349) -> 0 | H350: =SUM(H2:H349) -> 0 | I350: =SUM(I2:I349) -> 0 | J350: =SUM(J2:J349) -> 0 | K350: =SUM(K2:K349) -> 0 | L350: =SUM(L2:L349) -> 0 | M350: =SUM(M2:M349) -> 0 | N350: =SUM(N2:N349) -> 0 | ... EH350: =SUM(EH2:EH349) -> 0 | EI350: 1 | EJ350: 1 | EK350: 1

Sheet CXCA_SCRN
A1: period | B1: County | C1: sub_county | D1: Facility | E1: MFLCode | F1: Support Type | G1: Numerator | H1: Sub Total | I1: Unkown F | J1: 15-19 F | K1: 20-24 F | L1: 25-29 F | M1: 30-34 F | N1: 35-39 F | O1: 40-44 F | P1: 45-49 F | Q1: 50+ F | R1: Sub Total | S1: Unkown F | T1: 15-19 F | U1: 20-24 F | V1: 25-29 F | W1: 30-34 F | X1: 35-39 F | Y1: 40-44 F | Z1: 45-49 F | AA1: 50+ F | AB1: Sub Total | AC1: Unkown F | AD1: 15-19 F | AE1: 20-24 F | AF1: 25-29 F | AG1: 30-34 F | AH1: 35-39 F | AI1: 40-44 F | AJ1: 45-49 F | AK1: 50+ F | AL1: Sub Total | AM1: Sub Total | AN1: Unkown F | AO1: 15-19 F | AP1: 20-24 F | AQ1: 25-29 F | AR1: 30-34 F | AS1: 35-39 F | AT1: 40-44 F | AU1: 45-49 F | AV1: 50+ F | AW1: Sub Total | AX1: Unkown F | AY1: 15-19 F | AZ1: 20-24 F | BA1: 25-29 F | BB1: 30-34 F | BC1: 35-39 F | BD1: 40-44 F | BE1: 45-49 F | BF1: 50+ F | BG1: Sub Total | BH1: Unkown F | BI1: 15-19 F | BJ1: 20-24 F | BK1: 25-29 F | BL1: 30-34 F | BM1: 35-39 F | BN1: 40-44 F | BO1: 45-49 F | BP1: 50+ F | BQ1: Sub Total | BR1: Sub Total | BS1: Unkown F | BT1: 15-19 F | BU1: 20-24 F | BV1: 25-29 F | BW1: 30-34 F | BX1: 35-39 F | BY1: 40-44 F | BZ1: 45-49 F | CA1: 50+ F | CB1: Sub Total | CC1: Unkown F | CD1: 15-19 F | CE1: 20-24 F | CF1: 25-29 F | CG1: 30-34 F | CH1: 35-39 F | CI1: 40-44 F | CJ1: 45-49 F | CK1: 50+ F | CL1: Sub Total | CM1: Unkown F | CN1: 15-19 F | CO1: 20-24 F | CP1: 25-29 F | CQ1: 30-34 F | CR1: 35-39 F | CS1: 40-44 F | CT1: 45-49 F | CU1: 50+ F | CV1: Sub Total | CW1: ART High Volume | CX1: HTC High Volume | CY1: PMTCT High Volume
A350: =A2 -> 0 | B350: USAID Tujenge Jamii | C350: USAID Tujenge Jamii | D350: USAID Tujenge Jamii | E350: 11111 | F350: DSD | G350: =SUM(G2:G349) -> 0 | H350: =SUM(H2:H349) -> 0 | I350: =SUM(I2:I349) -> 0 | J350: =SUM(J2:J349) -> 0 | K350: =SUM(K2:K349) -> 0 | L350: =SUM(L2:L349) -> 0 | M350: =SUM(M2:M349) -> 0 | N350: =SUM(N2:N349) -> 0 | ... CV350: =SUM(CV2:CV349) -> 0 | CW350: 1 | CX350: 1 | CY350: 1

Sheet PMTCT_FO
A1: period | B1: County | C1: SubCounty | D1: Facility | E1: MFLCode | F1: Support Type | G1: Denominator | H1: HIV Infected | I1: HIV Uninfected | J1: HIV Final Status Unknown | K1: Died Without Status Known | L1: ART_highvolume | M1: HTC_highvolume | N1: PMTCT_highvolume
A350: =A2 -> 0 | B350: USAID Tujenge Jamii | C350: USAID Tujenge Jamii | D350: USAID Tujenge Jamii | E350: 11111 | F350: DSD | G350: =SUM(G2:G349) -> 0 | H350: =SUM(H2:H349) -> 0 | I350: =SUM(I2:I349) -> 0 | J350: =SUM(J2:J349) -> 0 | K350: =SUM(K2:K349) -> 0 | L350: 1 | M350: 1 | N350: 1

Sheet Treatment
B2: Facility Name: | C2: =Prevention!D2 -> USAID Tujenge Jamii | G2: =IFERROR(VLOOKUP(C2,Facilities!F1:H300,2,FALSE),"") | H2: Support Type | K2: ='Testing-All Others'!K2 | M2: Period | N2: =TX_NEW!A2 -> 0
B4: If MER Results data is unable to be disaggregated by DSD or TA support type, please report ALL data under the TA Support Type
B6: =CONCATENATE(K2,": TX_NEW") -> : TX_NEW
B7: Auto-Calculate | D7: Number of adults and children newly enrolled on antiretroviral therapy (ART). Numerator will auto-calculate from Age/Sex Disaggregates
B10: Numerator | C10: =IF(SUM(C15,C28,C41)=0,"subtotal",SUM(C15,C28,C41)) -> subtotal
B13: Required | D13: Disaggregated by Age / Sex and CD4
B15: <200 CD4 | C15: =IF(SUM(S21,S25)=0,"subtotal",SUM(S21,S25)) -> subtotal
B19: Female | C19: Unknown Age | F19: 5-9 | G19: 10-14 | H19: 15-19 | I19: 20-24 | J19: 25-29 | K19: 30-34 | L19: 35-39 | M19: 40-44 | N19: 45-49 | O19: 50-54 | P19: 55-59 | Q19: 60-64 | R19: 65+
C21: =SUMPRODUCT(($G$2=TX_NEW!$E$2:$E$350)*(TX_NEW!H$2:H$350)) -> 0 | F21: =SUMPRODUCT(($G$2=TX_NEW!$E$2:$E$350)*(TX_NEW!K$2:K$350)) -> 0 | G21: =SUMPRODUCT(($G$2=TX_NEW!$E$2:$E$350)*(TX_NEW!L$2:L$350)) -> 0 | H21: =SUMPRODUCT(($G$2=TX_NEW!$E$2:$E$350)*(TX_NEW!M$2:M$350)) -> 0 | I21: =SUMPRODUCT(($G$2=TX_NEW!$E$2:$E$350)*(TX_NEW!N$2:N$350)) -> 0 | J21: =SUMPRODUCT(($G$2=TX_NEW!$E$2:$E$350)*(TX_NEW!O$2:O$350)) -> 0 | K21: =SUMPRODUCT(($G$2=TX_NEW!$E$2:$E$350)*(TX_NEW!P$2:P$350)) -> 0 | L21: =SUMPRODUCT(($G$2=TX_NEW!$E$2:$E$350)*(TX_NEW!Q$2:Q$350)) -> 0 | M21: =SUMPRODUCT(($G$2=TX_NEW!$E$2:$E$350)*(TX_NEW!R$2:R$350)) -> 0 | ... R21: =SUMPRODUCT(($G$2=TX_NEW!$E$2:$E$350)*(TX_NEW!W$2:W$350)) -> 0 | S21: =IF(SUM(C21,F21:R21)=0,"subtotal",SUM(C21,F21:R21)) -> subtotal
B23: Male | C23: Unknown Age | F23: 5-9 | G23: 10-14 | H23: 15-19 | I23: 20-24 | J23: 25-29 | K23: 30-34 | L23: 35-39 | M23: 40-44 | N23: 45-49 | O23: 50-54 | P23: 55-59 | Q23: 60-64 | R23: 65+
C25: =SUMPRODUCT(($G$2=TX_NEW!$E$2:$E$350)*(TX_NEW!X$2:X$350)) -> 0 | F25: =SUMPRODUCT(($G$2=TX_NEW!$E$2:$E$350)*(TX_NEW!AA$2:AA$350)) -> 0 | G25: =SUMPRODUCT(($G$2=TX_NEW!$E$2:$E$350)*(TX_NEW!AB$2:AB$350)) -> 0 | H25: =SUMPRODUCT(($G$2=TX_NEW!$E$2:$E$350)*(TX_NEW!AC$2:AC$350)) -> 0 | I25: =SUMPRODUCT(($G$2=TX_NEW!$E$2:$E$350)*(TX_NEW!AD$2:AD$350)) -> 0 | J25: =SUMPRODUCT(($G$2=TX_NEW!$E$2:$E$350)*(TX_NEW!AE$2:AE$350)) -> 0 | K25: =SUMPRODUCT(($G$2=TX_NEW!$E$2:$E$350)*(TX_NEW!AF$2:AF$350)) -> 0 | L25: =SUMPRODUCT(($G$2=TX_NEW!$E$2:$E$350)*(TX_NEW!AG$2:AG$350)) -> 0 | M25: =SUMPRODUCT(($G$2=TX_NEW!$E$2:$E$350)*(TX_NEW!AH$2:AH$350)) -> 0 | ... R25: =SUMPRODUCT(($G$2=TX_NEW!$E$2:$E$350)*(TX_NEW!AM$2:AM$350)) -> 0 | S25: =IF(SUM(C25,F25:R25)=0,"subtotal",SUM(C25,F25:R25)) -> subtotal
B28: >=200 CD4 | C28: =IF(SUM(S34,S38)=0,"subtotal",SUM(S34,S38)) -> subtotal
B32: Female | C32: Unknown Age | F32: 5-9 | G32: 10-14 | H32: 15-19 | I32: 20-24 | J32: 25-29 | K32: 30-34 | L32: 35-39 | M32: 40-44 | N32: 45-49 | O32: 50-54 | P32: 55-59 | Q32: 60-64 | R32: 65+
C34: =SUMPRODUCT(($G$2=TX_NEW!$E$2:$E$350)*(TX_NEW!AN$2:AN$350)) -> 0 | F34: =SUMPRODUCT(($G$2=TX_NEW!$E$2:$E$350)*(TX_NEW!AQ$2:AQ$350)) -> 0 | G34: =SUMPRODUCT(($G$2=TX_NEW!$E$2:$E$350)*(TX_NEW!AR$2:AR$350)) -> 0 | H34: =SUMPRODUCT(($G$2=TX_NEW!$E$2:$E$350)*(TX_NEW!AS$2:AS$350)) -> 0 | I34: =SUMPRODUCT(($G$2=TX_NEW!$E$2:$E$350)*(TX_NEW!AT$2:AT$350)) -> 0 | J34: =SUMPRODUCT(($G$2=TX_NEW!$E$2:$E$350)*(TX_NEW!AU$2:AU$350)) -> 0 | K34: =SUMPRODUCT(($G$2=TX_NEW!$E$2:$E$350)*(TX_NEW!AV$2:AV$350)) -> 0 | L34: =SUMPRODUCT(($G$2=TX_NEW!$E$2:$E$350)*(TX_NEW!AW$2:AW$350)) -> 0 | M34: =SUMPRODUCT(($G$2=TX_NEW!$E$2:$E$350)*(TX_NEW!AX$2:AX$350)) -> 0 | ... R34: =SUMPRODUCT(($G$2=TX_NEW!$E$2:$E$350)*(TX_NEW!BC$2:BC$350)) -> 0 | S34: =IF(SUM(C34,F34:R34)=0,"subtotal",SUM(C34,F34:R34)) -> subtotal
B36: Male | C36: Unknown Age | F36: 5-9 | G36: 10-14 | H36: 15-19 | I36: 20-24 | J36: 25-29 | K36: 30-34 | L36: 35-39 | M36: 40-44 | N36: 45-49 | O36: 50-54 | P36: 55-59 | Q36: 60-64 | R36: 65+
C38: =SUMPRODUCT(($G$2=TX_NEW!$E$2:$E$350)*(TX_NEW!BD$2:BD$350)) -> 0 | F38: =SUMPRODUCT(($G$2=TX_NEW!$E$2:$E$350)*(TX_NEW!BG$2:BG$350)) -> 0 | G38: =SUMPRODUCT(($G$2=TX_NEW!$E$2:$E$350)*(TX_NEW!BH$2:BH$350)) -> 0 | H38: =SUMPRODUCT(($G$2=TX_NEW!$E$2:$E$350)*(TX_NEW!BI$2:BI$350)) -> 0 | I38: =SUMPRODUCT(($G$2=TX_NEW!$E$2:$E$350)*(TX_NEW!BJ$2:BJ$350)) -> 0 | J38: =SUMPRODUCT(($G$2=TX_NEW!$E$2:$E$350)*(TX_NEW!BK$2:BK$350)) -> 0 | K38: =SUMPRODUCT(($G$2=TX_NEW!$E$2:$E$350)*(TX_NEW!BL$2:BL$350)) -> 0 | L38: =SUMPRODUCT(($G$2=TX_NEW!$E$2:$E$350)*(TX_NEW!BM$2:BM$350)) -> 0 | M38: =SUMPRODUCT(($G$2=TX_NEW!$E$2:$E$350)*(TX_NEW!BN$2:BN$350)) -> 0 | ... R38: =SUMPRODUCT(($G$2=TX_NEW!$E$2:$E$350)*(TX_NEW!BS$2:BS$350)) -> 0 | S38: =IF(SUM(C38,F38:R38)=0,"subtotal",SUM(C38,F38:R38)) -> subtotal
B41: Unknown CD4 | C41: =IF(SUM(S47,S51)=0,"subtotal",SUM(S47,S51)) -> subtotal
B45: Female | C45: Unknown Age | D45: <1 | E45: 1-4 | F45: 5-9 | G45: 10-14 | H45: 15-19 | I45: 20-24 | J45: 25-29 | K45: 30-34 | L45: 35-39 | M45: 40-44 | N45: 45-49 | O45: 50-54 | P45: 55-59 | Q45: 60-64 | R45: 65+
C47: =SUMPRODUCT(($G$2=TX_NEW!$E$2:$E$350)*(TX_NEW!BT$2:BT$350)) -> 0 | D47: =SUMPRODUCT(($G$2=TX_NEW!$E$2:$E$350)*(TX_NEW!BU$2:BU$350)) -> 0 | E47: =SUMPRODUCT(($G$2=TX_NEW!$E$2:$E$350)*(TX_NEW!BV$2:BV$350)) -> 0 | F47: =SUMPRODUCT(($G$2=TX_NEW!$E$2:$E$350)*(TX_NEW!BW$2:BW$350)) -> 0 | G47: =SUMPRODUCT(($G$2=TX_NEW!$E$2:$E$350)*(TX_NEW!BX$2:BX$350)) -> 0 | H47: =SUMPRODUCT(($G$2=TX_NEW!$E$2:$E$350)*(TX_NEW!BY$2:BY$350)) -> 0 | I47: =SUMPRODUCT(($G$2=TX_NEW!$E$2:$E$350)*(TX_NEW!BZ$2:BZ$350)) -> 0 | J47: =SUMPRODUCT(($G$2=TX_NEW!$E$2:$E$350)*(TX_NEW!CA$2:CA$350)) -> 0 | ... R47: =SUMPRODUCT(($G$2=TX_NEW!$E$2:$E$350)*(TX_NEW!CI$2:CI$350)) -> 0 | S47: =IF(SUM(C47:R47)=0,"subtotal",SUM(C47:R47)) -> subtotal
B49: Male | C49: Unknown Age | D49: <1 | E49: 1-4 | F49: 5-9 | G49: 10-14 | H49: 15-19 | I49: 20-24 | J49: 25-29 | K49: 30-34 | L49: 35-39 | M49: 40-44 | N49: 45-49 | O49: 50-54 | P49: 55-59 | Q49: 60-64 | R49: 65+
C51: =SUMPRODUCT(($G$2=TX_NEW!$E$2:$E$350)*(TX_NEW!CJ$2:CJ$350)) -> 0 | D51: =SUMPRODUCT(($G$2=TX_NEW!$E$2:$E$350)*(TX_NEW!CK$2:CK$350)) -> 0 | E51: =SUMPRODUCT(($G$2=TX_NEW!$E$2:$E$350)*(TX_NEW!CL$2:CL$350)) -> 0 | F51: =SUMPRODUCT(($G$2=TX_NEW!$E$2:$E$350)*(TX_NEW!CM$2:CM$350)) -> 0 | G51: =SUMPRODUCT(($G$2=TX_NEW!$E$2:$E$350)*(TX_NEW!CN$2:CN$350)) -> 0 | H51: =SUMPRODUCT(($G$2=TX_NEW!$E$2:$E$350)*(TX_NEW!CO$2:CO$350)) -> 0 | I51: =SUMPRODUCT(($G$2=TX_NEW!$E$2:$E$350)*(TX_NEW!CP$2:CP$350)) -> 0 | J51: =SUMPRODUCT(($G$2=TX_NEW!$E$2:$E$350)*(TX_NEW!CQ$2:CQ$350)) -> 0 | ... R51: =SUMPRODUCT(($G$2=TX_NEW!$E$2:$E$350)*(TX_NEW!CY$2:CY$350)) -> 0 | S51: =IF(SUM(C51:R51)=0,"subtotal",SUM(C51:R51)) -> subtotal
B53: Conditional | D53: Age(50+)/Sex
B55: Conditional | D55: Disaggregated by Age/Sex(Coarse Disaggregate)- USE WITH HQ PERMISSION ONLY
B58: Required | D58: Disaggregated by Breastfeeding status at ART initiation
B61: BreastFeeding | D61: =SUMPRODUCT(($G$2=TX_NEW!$E$2:$E$350)*(TX_NEW!CZ$2:CZ$350)) -> 0
B63: Required | D63: Disaggregated by key population type: Data on key populations should be reported in both the "Disaggregated by key population type" section and the "Disaggregated by Age/Sex" section.
D65: PWID | F65: {=SUMPRODUCT(($G$2=TX_NEW!$E$2:$E$350)*(TX_NEW!DA$2:DA$350))} -> 0
D68: MSM | F68: {=SUMPRODUCT(($G$2=TX_NEW!$E$2:$E$350)*(TX_NEW!DB$2:DB$350))} -> 0
D71: Transgender People | F71: {=SUMPRODUCT(($G$2=TX_NEW!$E$2:$E$350)*(TX_NEW!DC$2:DC$350))} -> 0
D74: FSW | F74: {=SUMPRODUCT(($G$2=TX_NEW!$E$2:$E$350)*(TX_NEW!DD$2:DD$350))} -> 0
C77: People in prison and other closed settings | F77: {=SUMPRODUCT(($G$2=TX_NEW!$E$2:$E$350)*(TX_NEW!DE$2:DE$350))} -> 0
B79: Optional | D79: Disaggregated by Focused Population
B82: Focused Population
B84: =CONCATENATE(K2,": TX_CURR") -> : TX_CURR
B85: Auto-Calculate | D85: Number of adults and children currently receiving antiretroviral therapy (ART). Numerator will auto-calculate from Age/Sex Disaggregates.
B88: Numerator | C88: =IF(SUM(C93:M93,C96:M96,C100:G100,C103:G103)=0,"subtotal",SUM(C93:M93,C96:M96,C100:G100,C103:G103)) -> subtotal
B90: Required | D90: Disaggregated by Age / Sex (Fine Disaggregate)
C91: Unknown Age | D91: <1 | E91: 1-4 | F91: 5-9 | G91: 10-14 | H91: 15-19 | I91: 20-24 | J91: 25-29 | K91: 30-34 | L91: 35-39 | M91: 40-44
B93: Female | C93: =SUMPRODUCT(($G$2=TX_CURR!$E$2:$E$350)*(TX_CURR!H$2:H$350)) -> 0 | D93: =SUMPRODUCT(($G$2=TX_CURR!$E$2:$E$350)*(TX_CURR!I$2:I$350)) -> 0 | E93: =SUMPRODUCT(($G$2=TX_CURR!$E$2:$E$350)*(TX_CURR!J$2:J$350)) -> 0 | F93: =SUMPRODUCT(($G$2=TX_CURR!$E$2:$E$350)*(TX_CURR!K$2:K$350)) -> 0 | G93: =SUMPRODUCT(($G$2=TX_CURR!$E$2:$E$350)*(TX_CURR!L$2:L$350)) -> 0 | H93: =SUMPRODUCT(($G$2=TX_CURR!$E$2:$E$350)*(TX_CURR!M$2:M$350)) -> 0 | I93: =SUMPRODUCT(($G$2=TX_CURR!$E$2:$E$350)*(TX_CURR!N$2:N$350)) -> 0 | J93: =SUMPRODUCT(($G$2=TX_CURR!$E$2:$E$350)*(TX_CURR!O$2:O$350)) -> 0 | ... M93: =SUMPRODUCT(($G$2=TX_CURR!$E$2:$E$350)*(TX_CURR!R$2:R$350)) -> 0
B96: Male | C96: =SUMPRODUCT(($G$2=TX_CURR!$E$2:$E$350)*(TX_CURR!U$2:U$350)) -> 0 | D96: =SUMPRODUCT(($G$2=TX_CURR!$E$2:$E$350)*(TX_CURR!V$2:V$350)) -> 0 | E96: =SUMPRODUCT(($G$2=TX_CURR!$E$2:$E$350)*(TX_CURR!W$2:W$350)) -> 0 | F96: =SUMPRODUCT(($G$2=TX_CURR!$E$2:$E$350)*(TX_CURR!X$2:X$350)) -> 0 | G96: =SUMPRODUCT(($G$2=TX_CURR!$E$2:$E$350)*(TX_CURR!Y$2:Y$350)) -> 0 | H96: =SUMPRODUCT(($G$2=TX_CURR!$E$2:$E$350)*(TX_CURR!Z$2:Z$350)) -> 0 | I96: =SUMPRODUCT(($G$2=TX_CURR!$E$2:$E$350)*(TX_CURR!AA$2:AA$350)) -> 0 | J96: =SUMPRODUCT(($G$2=TX_CURR!$E$2:$E$350)*(TX_CURR!AB$2:AB$350)) -> 0 | ... M96: =SUMPRODUCT(($G$2=TX_CURR!$E$2:$E$350)*(TX_CURR!AE$2:AE$350)) -> 0
C98: 45-49 | D98: 50-54 | E98: 55-59 | F98: 60-64 | G98: 65+
B100: Female | C100: =SUMPRODUCT(($G$2=TX_CURR!$E$2:$E$350)*(TX_CURR!S$2:S$350)) -> 0 | D100: =SUMPRODUCT(($G$2=TX_CURR!$E$2:$E$350)*(TX_CURR!T$2:T$350)) -> 0 | E100: =SUMPRODUCT(($G$2=TX_CURR!$E$2:$E$350)*(TX_CURR!BK$2:BK$350)) -> 0 | F100: =SUMPRODUCT(($G$2=TX_CURR!$E$2:$E$350)*(TX_CURR!BL$2:BL$350)) -> 0 | G100: =SUMPRODUCT(($G$2=TX_CURR!$E$2:$E$350)*(TX_CURR!BM$2:BM$350)) -> 0 | H100: =IF(SUM(C100:G100,C93:M93)=0,"subtotal",SUM(C100:G100,C93:M93)) -> subtotal
B103: Male | C103: =SUMPRODUCT(($G$2=TX_CURR!$E$2:$E$350)*(TX_CURR!AF$2:AF$350)) -> 0 | D103: =SUMPRODUCT(($G$2=TX_CURR!$E$2:$E$350)*(TX_CURR!AG$2:AG$350)) -> 0 | E103: =SUMPRODUCT(($G$2=TX_CURR!$E$2:$E$350)*(TX_CURR!BH$2:BH$350)) -> 0 | F103: =SUMPRODUCT(($G$2=TX_CURR!$E$2:$E$350)*(TX_CURR!BI$2:BI$350)) -> 0 | G103: =SUMPRODUCT(($G$2=TX_CURR!$E$2:$E$350)*(TX_CURR!BJ$2:BJ$350)) -> 0 | H103: =IF(SUM(C103:G103,C96:M96)=0,"subtotal",SUM(C103:G103,C96:M96)) -> subtotal
B105: Required | D105: Disaggregated by ARV Dispensing Quantity by Coarse Age/Sex
D107: <3 months of ARVs (not MMD) | G107: 3-5 months of ARVs | J107: 6 or more months of ARVs
D108: Unknown Age | E108: <15 | F108: 15+ | G108: Unknown Age | H108: <15 | I108: 15+ | J108: Unknown Age | K108: <15 | L108: 15+
C110: Female | D110: =SUMPRODUCT(($G$2=TX_CURR!$E$2:$E$350)*(TX_CURR!AH$2:AH$350)) -> 0 | E110: =SUMPRODUCT(($G$2=TX_CURR!$E$2:$E$350)*(TX_CURR!AI$2:AI$350)) -> 0 | F110: =SUMPRODUCT(($G$2=TX_CURR!$E$2:$E$350)*(TX_CURR!AJ$2:AJ$350)) -> 0 | G110: =SUMPRODUCT(($G$2=TX_CURR!$E$2:$E$350)*(TX_CURR!AK$2:AK$350)) -> 0 | H110: =SUMPRODUCT(($G$2=TX_CURR!$E$2:$E$350)*(TX_CURR!AL$2:AL$350)) -> 0 | I110: =SUMPRODUCT(($G$2=TX_CURR!$E$2:$E$350)*(TX_CURR!AM$2:AM$350)) -> 0 | J110: =SUMPRODUCT(($G$2=TX_CURR!$E$2:$E$350)*(TX_CURR!AN$2:AN$350)) -> 0 | K110: =SUMPRODUCT(($G$2=TX_CURR!$E$2:$E$350)*(TX_CURR!AO$2:AO$350)) -> 0 | L110: =SUMPRODUCT(($G$2=TX_CURR!$E$2:$E$350)*(TX_CURR!AP$2:AP$350)) -> 0
C112: Male | D112: =SUMPRODUCT(($G$2=TX_CURR!$E$2:$E$350)*(TX_CURR!AQ$2:AQ$350)) -> 0 | E112: =SUMPRODUCT(($G$2=TX_CURR!$E$2:$E$350)*(TX_CURR!AR$2:AR$350)) -> 0 | F112: =SUMPRODUCT(($G$2=TX_CURR!$E$2:$E$350)*(TX_CURR!AS$2:AS$350)) -> 0 | G112: =SUMPRODUCT(($G$2=TX_CURR!$E$2:$E$350)*(TX_CURR!AT$2:AT$350)) -> 0 | H112: =SUMPRODUCT(($G$2=TX_CURR!$E$2:$E$350)*(TX_CURR!AU$2:AU$350)) -> 0 | I112: =SUMPRODUCT(($G$2=TX_CURR!$E$2:$E$350)*(TX_CURR!AV$2:AV$350)) -> 0 | J112: =SUMPRODUCT(($G$2=TX_CURR!$E$2:$E$350)*(TX_CURR!AW$2:AW$350)) -> 0 | K112: =SUMPRODUCT(($G$2=TX_CURR!$E$2:$E$350)*(TX_CURR!AX$2:AX$350)) -> 0 | L112: =SUMPRODUCT(($G$2=TX_CURR!$E$2:$E$350)*(TX_CURR!AY$2:AY$350)) -> 0
B116: Required | D116: Disaggregated by key population type: Data on key populations should be reported in both the "Disaggregated by key population type" section and the "Disaggregated by Age/Sex" section.
D118: PWID | F118: =SUMPRODUCT(($G$2=TX_CURR!$E$2:$E$350)*(TX_CURR!AZ$2:AZ$350)) -> 0
D121: MSM | F121: =SUMPRODUCT(($G$2=TX_CURR!$E$2:$E$350)*(TX_CURR!BA$2:BA$350)) -> 0
D124: Transgender People | F124: =SUMPRODUCT(($G$2=TX_CURR!$E$2:$E$350)*(TX_CURR!BB$2:BB$350)) -> 0
D127: FSW | F127: =SUMPRODUCT(($G$2=TX_CURR!$E$2:$E$350)*(TX_CURR!BC$2:BC$350)) -> 0
C130: People in prison and other closed settings | F130: =SUMPRODUCT(($G$2=TX_CURR!$E$2:$E$350)*(TX_CURR!BD$2:BD$350)) -> 0
B136: Facility Name: | C136: =C$2 -> USAID Tujenge Jamii | H136: Support Type | K136: =K$2 | M136: Period | N136: =N2 -> 0
B137: =CONCATENATE(K$2,": TX_RTT") -> : TX_RTT
B138: Auto-Calculate | D138: Number of ART patients who experienced an interruption in treatment (IIT) during any previous reporting period, who successfully restarted ARVs within the reporting period and remained on treatment until the end of the reporting period. The Numerator will auto-calculate from Age/Sex Disaggregates.
B141: Numerator | C141: =IF(SUM(C146,C159,C172,C185)=0,"subtotal",SUM(C146,C159,C172,C185)) -> subtotal
B144: Required | D144: Disaggregated by Age / Sex and CD4
B146: <200 CD4 | C146: =IF(SUM(S152,S156)=0,"subtotal",SUM(S152,S156)) -> subtotal
B150: Female | C150: Unknown Age | F150: 5-9 | G150: 10-14 | H150: 15-19 | I150: 20-24 | J150: 25-29 | K150: 30-34 | L150: 35-39 | M150: 40-44 | N150: 45-49 | O150: 50-54 | P150: 55-59 | Q150: 60-64 | R150: 65+
C152: =SUMPRODUCT(($G$2=TX_RTT!$E$2:$E$350)*(TX_RTT!H$2:H$350)) -> 0 | F152: =SUMPRODUCT(($G$2=TX_RTT!$E$2:$E$350)*(TX_RTT!K$2:K$350)) -> 0 | G152: =SUMPRODUCT(($G$2=TX_RTT!$E$2:$E$350)*(TX_RTT!L$2:L$350)) -> 0 | H152: =SUMPRODUCT(($G$2=TX_RTT!$E$2:$E$350)*(TX_RTT!M$2:M$350)) -> 0 | I152: =SUMPRODUCT(($G$2=TX_RTT!$E$2:$E$350)*(TX_RTT!N$2:N$350)) -> 0 | J152: =SUMPRODUCT(($G$2=TX_RTT!$E$2:$E$350)*(TX_RTT!O$2:O$350)) -> 0 | K152: =SUMPRODUCT(($G$2=TX_RTT!$E$2:$E$350)*(TX_RTT!P$2:P$350)) -> 0 | L152: =SUMPRODUCT(($G$2=TX_RTT!$E$2:$E$350)*(TX_RTT!Q$2:Q$350)) -> 0 | M152: =SUMPRODUCT(($G$2=TX_RTT!$E$2:$E$350)*(TX_RTT!R$2:R$350)) -> 0 | ... R152: =SUMPRODUCT(($G$2=TX_RTT!$E$2:$E$350)*(TX_RTT!W$2:W$350)) -> 0 | S152: =IF(SUM(C152,F152:R152)=0,"subtotal",SUM(C152,F152:R152)) -> subtotal
B154: Male | C154: Unknown Age | F154: 5-9 | G154: 10-14 | H154: 15-19 | I154: 20-24 | J154: 25-29 | K154: 30-34 | L154: 35-39 | M154: 40-44 | N154: 45-49 | O154: 50-54 | P154: 55-59 | Q154: 60-64 | R154: 65+
C156: =SUMPRODUCT(($G$2=TX_RTT!$E$2:$E$350)*(TX_RTT!X$2:X$350)) -> 0 | F156: =SUMPRODUCT(($G$2=TX_RTT!$E$2:$E$350)*(TX_RTT!AA$2:AA$350)) -> 0 | G156: =SUMPRODUCT(($G$2=TX_RTT!$E$2:$E$350)*(TX_RTT!AB$2:AB$350)) -> 0 | H156: =SUMPRODUCT(($G$2=TX_RTT!$E$2:$E$350)*(TX_RTT!AC$2:AC$350)) -> 0 | I156: =SUMPRODUCT(($G$2=TX_RTT!$E$2:$E$350)*(TX_RTT!AD$2:AD$350)) -> 0 | J156: =SUMPRODUCT(($G$2=TX_RTT!$E$2:$E$350)*(TX_RTT!AE$2:AE$350)) -> 0 | K156: =SUMPRODUCT(($G$2=TX_RTT!$E$2:$E$350)*(TX_RTT!AF$2:AF$350)) -> 0 | L156: =SUMPRODUCT(($G$2=TX_RTT!$E$2:$E$350)*(TX_RTT!AG$2:AG$350)) -> 0 | M156: =SUMPRODUCT(($G$2=TX_RTT!$E$2:$E$350)*(TX_RTT!AH$2:AH$350)) -> 0 | ... R156: =SUMPRODUCT(($G$2=TX_RTT!$E$2:$E$350)*(TX_RTT!AM$2:AM$350)) -> 0 | S156: =IF(SUM(C156,F156:R156)=0,"subtotal",SUM(C156,F156:R156)) -> subtotal
B159: >=200 CD4 | C159: =IF(SUM(S165,S169)=0,"subtotal",SUM(S165,S169)) -> subtotal
B163: Female | C163: Unknown Age | F163: 5-9 | G163: 10-14 | H163: 15-19 | I163: 20-24 | J163: 25-29 | K163: 30-34 | L163: 35-39 | M163: 40-44 | N163: 45-49 | O163: 50-54 | P163: 55-59 | Q163: 60-64 | R163: 65+
C165: =SUMPRODUCT(($G$2=TX_RTT!$E$2:$E$350)*(TX_RTT!AN$2:AN$350)) -> 0 | F165: =SUMPRODUCT(($G$2=TX_RTT!$E$2:$E$350)*(TX_RTT!AQ$2:AQ$350)) -> 0 | G165: =SUMPRODUCT(($G$2=TX_RTT!$E$2:$E$350)*(TX_RTT!AR$2:AR$350)) -> 0 | H165: =SUMPRODUCT(($G$2=TX_RTT!$E$2:$E$350)*(TX_RTT!AS$2:AS$350)) -> 0 | I165: =SUMPRODUCT(($G$2=TX_RTT!$E$2:$E$350)*(TX_RTT!AT$2:AT$350)) -> 0 | J165: =SUMPRODUCT(($G$2=TX_RTT!$E$2:$E$350)*(TX_RTT!AU$2:AU$350)) -> 0 | K165: =SUMPRODUCT(($G$2=TX_RTT!$E$2:$E$350)*(TX_RTT!AV$2:AV$350)) -> 0 | L165: =SUMPRODUCT(($G$2=TX_RTT!$E$2:$E$350)*(TX_RTT!AW$2:AW$350)) -> 0 | M165: =SUMPRODUCT(($G$2=TX_RTT!$E$2:$E$350)*(TX_RTT!AX$2:AX$350)) -> 0 | ... R165: =SUMPRODUCT(($G$2=TX_RTT!$E$2:$E$350)*(TX_RTT!BC$2:BC$350)) -> 0 | S165: =IF(SUM(C165,F165:R165)=0,"subtotal",SUM(C165,F165:R165)) -> subtotal
B167: Male | C167: Unknown Age | F167: 5-9 | G167: 10-14 | H167: 15-19 | I167: 20-24 | J167: 25-29 | K167: 30-34 | L167: 35-39 | M167: 40-44 | N167: 45-49 | O167: 50-54 | P167: 55-59 | Q167: 60-64 | R167: 65+
C169: =SUMPRODUCT(($G$2=TX_RTT!$E$2:$E$350)*(TX_RTT!BD$2:BD$350)) -> 0 | F169: =SUMPRODUCT(($G$2=TX_RTT!$E$2:$E$350)*(TX_RTT!BG$2:BG$350)) -> 0 | G169: =SUMPRODUCT(($G$2=TX_RTT!$E$2:$E$350)*(TX_RTT!BH$2:BH$350)) -> 0 | H169: =SUMPRODUCT(($G$2=TX_RTT!$E$2:$E$350)*(TX_RTT!BI$2:BI$350)) -> 0 | I169: =SUMPRODUCT(($G$2=TX_RTT!$E$2:$E$350)*(TX_RTT!BJ$2:BJ$350)) -> 0 | J169: =SUMPRODUCT(($G$2=TX_RTT!$E$2:$E$350)*(TX_RTT!BK$2:BK$350)) -> 0 | K169: =SUMPRODUCT(($G$2=TX_RTT!$E$2:$E$350)*(TX_RTT!BL$2:BL$350)) -> 0 | L169: =SUMPRODUCT(($G$2=TX_RTT!$E$2:$E$350)*(TX_RTT!BM$2:BM$350)) -> 0 | M169: =SUMPRODUCT(($G$2=TX_RTT!$E$2:$E$350)*(TX_RTT!BN$2:BN$350)) -> 0 | ... R169: =SUMPRODUCT(($G$2=TX_RTT!$E$2:$E$350)*(TX_RTT!BS$2:BS$350)) -> 0 | S169: =IF(SUM(C169,F169:R169)=0,"subtotal",SUM(C169,F169:R169)) -> subtotal
B172: Unknown CD4 | C172: =IF(SUM(S178,S182)=0,"subtotal",SUM(S178,S182)) -> subtotal
B176: Female | C176: Unknown Age | D176: <1 | E176: 1-4 | F176: 5-9 | G176: 10-14 | H176: 15-19 | I176: 20-24 | J176: 25-29 | K176: 30-34 | L176: 35-39 | M176: 40-44 | N176: 45-49 | O176: 50-54 | P176: 55-59 | Q176: 60-64 | R176: 65+
C178: =SUMPRODUCT(($G$2=TX_RTT!$E$2:$E$350)*(TX_RTT!BT$2:BT$350)) -> 0 | D178: =SUMPRODUCT(($G$2=TX_RTT!$E$2:$E$350)*(TX_RTT!BU$2:BU$350)) -> 0 | E178: =SUMPRODUCT(($G$2=TX_RTT!$E$2:$E$350)*(TX_RTT!BV$2:BV$350)) -> 0 | F178: =SUMPRODUCT(($G$2=TX_RTT!$E$2:$E$350)*(TX_RTT!BW$2:BW$350)) -> 0 | G178: =SUMPRODUCT(($G$2=TX_RTT!$E$2:$E$350)*(TX_RTT!BX$2:BX$350)) -> 0 | H178: =SUMPRODUCT(($G$2=TX_RTT!$E$2:$E$350)*(TX_RTT!BY$2:BY$350)) -> 0 | I178: =SUMPRODUCT(($G$2=TX_RTT!$E$2:$E$350)*(TX_RTT!BZ$2:BZ$350)) -> 0 | J178: =SUMPRODUCT(($G$2=TX_RTT!$E$2:$E$350)*(TX_RTT!CA$2:CA$350)) -> 0 | ... R178: =SUMPRODUCT(($G$2=TX_RTT!$E$2:$E$350)*(TX_RTT!CI$2:CI$350)) -> 0 | S178: =IF(SUM(C178:R178)=0,"subtotal",SUM(C178:R178)) -> subtotal
B180: Male | C180: Unknown Age | D180: <1 | E180: 1-4 | F180: 5-9 | G180: 10-14 | H180: 15-19 | I180: 20-24 | J180: 25-29 | K180: 30-34 | L180: 35-39 | M180: 40-44 | N180: 45-49 | O180: 50-54 | P180: 55-59 | Q180: 60-64 | R180: 65+
C182: =SUMPRODUCT(($G$2=TX_RTT!$E$2:$E$350)*(TX_RTT!CJ$2:CJ$350)) -> 0 | D182: =SUMPRODUCT(($G$2=TX_RTT!$E$2:$E$350)*(TX_RTT!CK$2:CK$350)) -> 0 | E182: =SUMPRODUCT(($G$2=TX_RTT!$E$2:$E$350)*(TX_RTT!CL$2:CL$350)) -> 0 | F182: =SUMPRODUCT(($G$2=TX_RTT!$E$2:$E$350)*(TX_RTT!CM$2:CM$350)) -> 0 | G182: =SUMPRODUCT(($G$2=TX_RTT!$E$2:$E$350)*(TX_RTT!CN$2:CN$350)) -> 0 | H182: =SUMPRODUCT(($G$2=TX_RTT!$E$2:$E$350)*(TX_RTT!CO$2:CO$350)) -> 0 | I182: =SUMPRODUCT(($G$2=TX_RTT!$E$2:$E$350)*(TX_RTT!CP$2:CP$350)) -> 0 | J182: =SUMPRODUCT(($G$2=TX_RTT!$E$2:$E$350)*(TX_RTT!CQ$2:CQ$350)) -> 0 | ... R182: =SUMPRODUCT(($G$2=TX_RTT!$E$2:$E$350)*(TX_RTT!CY$2:CY$350)) -> 0 | S182: =IF(SUM(C182:R182)=0,"subtotal",SUM(C182:R182)) -> subtotal
B185: Not Eligible for CD4 | C185: =IF(SUM(S191,S195)=0,"subtotal",SUM(S191,S195)) -> subtotal
B189: Female | C189: Unknown Age | D189: <1 | E189: 1-4 | F189: 5-9 | G189: 10-14 | H189: 15-19 | I189: 20-24 | J189: 25-29 | K189: 30-34 | L189: 35-39 | M189: 40-44 | N189: 45-49 | O189: 50-54 | P189: 55-59 | Q189: 60-64 | R189: 65+
C191: =SUMPRODUCT(($G$2=TX_RTT!$E$2:$E$350)*(TX_RTT!CZ$2:CZ$350)) -> 0 | D191: =SUMPRODUCT(($G$2=TX_RTT!$E$2:$E$350)*(TX_RTT!DA$2:DA$350)) -> 0 | E191: =SUMPRODUCT(($G$2=TX_RTT!$E$2:$E$350)*(TX_RTT!DB$2:DB$350)) -> 0 | F191: =SUMPRODUCT(($G$2=TX_RTT!$E$2:$E$350)*(TX_RTT!DC$2:DC$350)) -> 0 | G191: =SUMPRODUCT(($G$2=TX_RTT!$E$2:$E$350)*(TX_RTT!DD$2:DD$350)) -> 0 | H191: =SUMPRODUCT(($G$2=TX_RTT!$E$2:$E$350)*(TX_RTT!DE$2:DE$350)) -> 0 | I191: =SUMPRODUCT(($G$2=TX_RTT!$E$2:$E$350)*(TX_RTT!DF$2:DF$350)) -> 0 | J191: =SUMPRODUCT(($G$2=TX_RTT!$E$2:$E$350)*(TX_RTT!DG$2:DG$350)) -> 0 | ... R191: =SUMPRODUCT(($G$2=TX_RTT!$E$2:$E$350)*(TX_RTT!DO$2:DO$350)) -> 0 | S191: =IF(SUM(C191:R191)=0,"subtotal",SUM(C191:R191)) -> subtotal
B193: Male | C193: Unknown Age | D193: <1 | E193: 1-4 | F193: 5-9 | G193: 10-14 | H193: 15-19 | I193: 20-24 | J193: 25-29 | K193: 30-34 | L193: 35-39 | M193: 40-44 | N193: 45-49 | O193: 50-54 | P193: 55-59 | Q193: 60-64 | R193: 65+
C195: =SUMPRODUCT(($G$2=TX_RTT!$E$2:$E$350)*(TX_RTT!DP$2:DP$350)) -> 0 | D195: =SUMPRODUCT(($G$2=TX_RTT!$E$2:$E$350)*(TX_RTT!DQ$2:DQ$350)) -> 0 | E195: =SUMPRODUCT(($G$2=TX_RTT!$E$2:$E$350)*(TX_RTT!DR$2:DR$350)) -> 0 | F195: =SUMPRODUCT(($G$2=TX_RTT!$E$2:$E$350)*(TX_RTT!DS$2:DS$350)) -> 0 | G195: =SUMPRODUCT(($G$2=TX_RTT!$E$2:$E$350)*(TX_RTT!DT$2:DT$350)) -> 0 | H195: =SUMPRODUCT(($G$2=TX_RTT!$E$2:$E$350)*(TX_RTT!DU$2:DU$350)) -> 0 | I195: =SUMPRODUCT(($G$2=TX_RTT!$E$2:$E$350)*(TX_RTT!DV$2:DV$350)) -> 0 | J195: =SUMPRODUCT(($G$2=TX_RTT!$E$2:$E$350)*(TX_RTT!DW$2:DW$350)) -> 0 | ... R195: =SUMPRODUCT(($G$2=TX_RTT!$E$2:$E$350)*(TX_RTT!EE$2:EE$350)) -> 0 | S195: =IF(SUM(C195:R195)=0,"subtotal",SUM(C195:R195)) -> subtotal
B197: Required | D197: Disaggregated by IIT
B199: Experienced treatment interruption of <3 months before returning to treatment | F199: =SUMPRODUCT(($G$2=TX_RTT!$E$2:$E$350)*(TX_RTT!EF$2:EF$350)) -> 0
B202: Experienced treatment interruption of 3-5 months before returning to treatment | F202: =SUMPRODUCT(($G$2=TX_RTT!$E$2:$E$350)*(TX_RTT!EG$2:EG$350)) -> 0
B205: Experienced treatment interruption of 6+ months before returning to treatment | F205: =SUMPRODUCT(($G$2=TX_RTT!$E$2:$E$350)*(TX_RTT!EH$2:EH$350)) -> 0
B207: Required | D207: Disaggregated by key population type: Data on key populations should be reported in both the "Disaggregated by key population type" section and the "Disaggregated by Age/Sex" section.
D209: PWID | F209: =SUMPRODUCT(($G$2=TX_RTT!$E$2:$E$350)*(TX_RTT!EI$2:EI$350)) -> 0
D212: MSM | F212: =SUMPRODUCT(($G$2=TX_RTT!$E$2:$E$350)*(TX_RTT!EJ$2:EJ$350)) -> 0
D215: Transgender People | F215: =SUMPRODUCT(($G$2=TX_RTT!$E$2:$E$350)*(TX_RTT!EK$2:EK$350)) -> 0
D218: FSW | F218: =SUMPRODUCT(($G$2=TX_RTT!$E$2:$E$350)*(TX_RTT!EL$2:EL$350)) -> 0
C221: People in prison and other closed settings | F221: =SUMPRODUCT(($G$2=TX_RTT!$E$2:$E$350)*(TX_RTT!EM$2:EM$350)) -> 0
B232: Facility Name: | C232: =C$2 -> USAID Tujenge Jamii | H232: Support Type | K232: =$K2 | M232: Period | N232: =N2 -> 0
B233: =CONCATENATE(K$2,": TX_ML") -> : TX_ML
B234: Auto-Calculate | D234: Number of ART patients who were on ART at the beginning of the quarterly reporting period or initiated treatment during the reporting period and then had no clinical contact since their last expected contact. The numerator auto-calculates from the sum of Age/Sex Outcome
B237: Numerator | C237: =IF(SUM(C249,C260,C271,C293,C304,C282)=0,"subtotal",SUM(C249,C260,C271,C293,C304,C282)) -> subtotal
B239: Required | D239: Disaggregated by Age / Sex
B240: Died
C241: Unknown Age | D241: <1 | E241: 1-4 | F241: 5-9 | G241: 10-14 | H241: 15-19 | I241: 20-24 | J241: 25-29 | K241: 30-34 | L241: 35-39 | M241: 40-44 | N241: 45-49 | O241: 50-54 | P241: 55-59 | Q241: 60-64 | R241: 65+
B243: Female | C243: =SUMPRODUCT(($G$2=TX_ML!$E$2:$E$350)*(TX_ML!H$2:H$350)) -> 0 | D243: =SUMPRODUCT(($G$2=TX_ML!$E$2:$E$350)*(TX_ML!I$2:I$350)) -> 0 | E243: =SUMPRODUCT(($G$2=TX_ML!$E$2:$E$350)*(TX_ML!J$2:J$350)) -> 0 | F243: =SUMPRODUCT(($G$2=TX_ML!$E$2:$E$350)*(TX_ML!K$2:K$350)) -> 0 | G243: =SUMPRODUCT(($G$2=TX_ML!$E$2:$E$350)*(TX_ML!L$2:L$350)) -> 0 | H243: =SUMPRODUCT(($G$2=TX_ML!$E$2:$E$350)*(TX_ML!M$2:M$350)) -> 0 | I243: =SUMPRODUCT(($G$2=TX_ML!$E$2:$E$350)*(TX_ML!N$2:N$350)) -> 0 | J243: =SUMPRODUCT(($G$2=TX_ML!$E$2:$E$350)*(TX_ML!O$2:O$350)) -> 0 | ... R243: =SUMPRODUCT(($G$2=TX_ML!$E$2:$E$350)*(TX_ML!W$2:W$350)) -> 0
B246: Male | C246: =SUMPRODUCT(($G$2=TX_ML!$E$2:$E$350)*(TX_ML!Y$2:Y$350)) -> 0 | D246: =SUMPRODUCT(($G$2=TX_ML!$E$2:$E$350)*(TX_ML!Z$2:Z$350)) -> 0 | E246: =SUMPRODUCT(($G$2=TX_ML!$E$2:$E$350)*(TX_ML!AA$2:AA$350)) -> 0 | F246: =SUMPRODUCT(($G$2=TX_ML!$E$2:$E$350)*(TX_ML!AB$2:AB$350)) -> 0 | G246: =SUMPRODUCT(($G$2=TX_ML!$E$2:$E$350)*(TX_ML!AC$2:AC$350)) -> 0 | H246: =SUMPRODUCT(($G$2=TX_ML!$E$2:$E$350)*(TX_ML!AD$2:AD$350)) -> 0 | I246: =SUMPRODUCT(($G$2=TX_ML!$E$2:$E$350)*(TX_ML!AE$2:AE$350)) -> 0 | J246: =SUMPRODUCT(($G$2=TX_ML!$E$2:$E$350)*(TX_ML!AF$2:AF$350)) -> 0 | ... R246: =SUMPRODUCT(($G$2=TX_ML!$E$2:$E$350)*(TX_ML!AN$2:AN$350)) -> 0
B249: Sub-Total | C249: =IF(SUM(C243:R243,C246:R246)=0,"subtotal",SUM(C243:R243,C246:R246)) -> subtotal
B251: Interruption in Treatment After being on Treatment for < 3 months
...

Sheet TX_NEW
A1: period | B1: County | C1: sub_county | D1: Facility | E1: MFLCode | F1: Support Type | G1: Total | H1: CD4_200 Unknown F | I1: CD4_200 <1 F | J1: CD4_200 1-4 F | K1: CD4_200 5-9 F | L1: CD4_200 10-14 F | M1: CD4_200 15-19 F | N1: CD4_200 20-24 F | O1: CD4_200 25-29 F | P1: CD4_200 30-34 F | Q1: CD4_200 35-39 F | R1: CD4_200 40-44 F | S1: CD4_200 45-49 F | T1: CD4_200 50-54 F | U1: CD4_200 55-59 F | V1: CD4_200 60-64 F | W1: CD4_200 65+ F | X1: CD4_200 Unknown M | Y1: CD4_200 <1 M | Z1: CD4_200 1-4 M | AA1: CD4_200 5-9 M | AB1: CD4_200 10-14 M | AC1: CD4_200 15-19 M | AD1: CD4_200 20-24 M | AE1: CD4_200 25-29 M | AF1: CD4_200 30-34 M | AG1: CD4_200 35-39 M | AH1: CD4_200 40-44 M | AI1: CD4_200 45-49 M | AJ1: CD4_200 50-54 M | AK1: CD4_200 55-59 M | AL1: CD4_200 60-64 M | AM1: CD4_200 65+ M | AN1: CD4_gt_200 Unknown F | AO1: CD4_gt_200 <1 F | AP1: CD4_gt_200 1-4 F | AQ1: CD4_gt_200 5-9 F | AR1: CD4_gt_200 10-14 F | AS1: CD4_gt_200 15-19 F | AT1: CD4_gt_200 20-24 F | AU1: CD4_gt_200 25-29 F | AV1: CD4_gt_200 30-34 F | AW1: CD4_gt_200 35-39 F | AX1: CD4_gt_200 40-44 F | AY1: CD4_gt_200 45-49 F | AZ1: CD4_gt_200 50-54 F | BA1: CD4_gt_200 55-59 F | BB1: CD4_gt_200 60-64 F | BC1: CD4_gt_200 65+ F | BD1: CD4_gt_200 Unknown M | BE1: CD4_gt_200 <1 M | BF1: CD4_gt_200 1-4 M | BG1: CD4_gt_200 5-9 M | BH1: CD4_gt_200 10-14 M | BI1: CD4_gt_200 15-19 M | BJ1: CD4_gt_200 20-24 M | BK1: CD4_gt_200 25-29 M | BL1: CD4_gt_200 30-34 M | BM1: CD4_gt_200 35-39 M | BN1: CD4_gt_200 40-44 M | BO1: CD4_gt_200 45-49 M | BP1: CD4_gt_200 50-54 M | BQ1: CD4_gt_200 55-59 M | BR1: CD4_gt_200 60-64 M | BS1: CD4_gt_200 65+ M | BT1: CD4_ukn Unknown F | BU1: CD4_ukn <1 F | BV1: CD4_ukn 1-4 F | BW1: CD4_ukn 5-9 F | BX1: CD4_ukn 10-14 F | BY1: CD4_ukn 15-19 F | BZ1: CD4_ukn 20-24 F | CA1: CD4_ukn 25-29 F | CB1: CD4_ukn 30-34 F | CC1: CD4_ukn 35-39 F | CD1: CD4_ukn 40-44 F | CE1: CD4_ukn 45-49 F | CF1: CD4_ukn 50-54 F | CG1: CD4_ukn 55-59 F | CH1: CD4_ukn 60-64 F | CI1: CD4_ukn 65+ F | CJ1: CD4_ukn Unknown M | CK1: CD4_ukn <1 M | CL1: CD4_ukn 1-4 M | CM1: CD4_ukn 5-9 M | CN1: CD4_ukn 10-14 M | CO1: CD4_ukn 15-19 M | CP1: CD4_ukn 20-24 M | CQ1: CD4_ukn 25-29 M | CR1: CD4_ukn 30-34 M | CS1: CD4_ukn 35-39 M | CT1: CD4_ukn 40-44 M | CU1: CD4_ukn 45-49 M | CV1: CD4_ukn 50-54 M | CW1: CD4_ukn 55-59 M | CX1: CD4_ukn 60-64 M | CY1: CD4_ukn 65+ M | CZ1: Breast Feeding | DA1: People who inject drugs PWID | DB1: Men who have sex with men MSM | DC1: Transgender people TG | DD1: Female sex workers FSW | DE1: People in prison and other closed settings | DF1: ART High Volume | DG1: HTC High Volume | DH1: PMTCT High Volume | DI1: Num vs KP Validation | DJ1: Picked Site
DI2: =G2-SUM(DA2:DE2) -> 0 | DJ2: =IF(DI2<0,D2&",","")
DI3: =G3-SUM(DA3:DE3) -> 0 | DJ3: =IF(DI3<0,D3&",","")
DI4: =G4-SUM(DA4:DE4) -> 0 | DJ4: =IF(DI4<0,D4&",","")
DI5: =G5-SUM(DA5:DE5) -> 0 | DJ5: =IF(DI5<0,D5&",","")
DI6: =G6-SUM(DA6:DE6) -> 0 | DJ6: =IF(DI6<0,D6&",","")
DI7: =G7-SUM(DA7:DE7) -> 0 | DJ7: =IF(DI7<0,D7&",","")
DI8: =G8-SUM(DA8:DE8) -> 0 | DJ8: =IF(DI8<0,D8&",","")
DI9: =G9-SUM(DA9:DE9) -> 0 | DJ9: =IF(DI9<0,D9&",","")
DI10: =G10-SUM(DA10:DE10) -> 0 | DJ10: =IF(DI10<0,D10&",","")
DI11: =G11-SUM(DA11:DE11) -> 0 | DJ11: =IF(DI11<0,D11&",","")
DI12: =G12-SUM(DA12:DE12) -> 0 | DJ12: =IF(DI12<0,D12&",","")
DI13: =G13-SUM(DA13:DE13) -> 0 | DJ13: =IF(DI13<0,D13&",","")
... DI349: =G349-SUM(DA349:DE349) -> 0 | DJ349: =IF(DI349<0,D349&",","")
A350: =A2 -> 0 | B350: USAID Tujenge Jamii | C350: USAID Tujenge Jamii | D350: USAID Tujenge Jamii | E350: 11111 | F350: DSD | G350: =SUM(G2:G349) -> 0 | H350: =SUM(H2:H349) -> 0 | I350: =SUM(I2:I349) -> 0 | J350: =SUM(J2:J349) -> 0 | K350: =SUM(K2:K349) -> 0 | L350: =SUM(L2:L349) -> 0 | M350: =SUM(M2:M349) -> 0 | N350: =SUM(N2:N349) -> 0 | ... DE350: =SUM(DE2:DE349) -> 0 | DF350: 1 | DG350: 1 | DH350: 1

Sheet TX_CURR
A1: period | B1: County | C1: sub_county | D1: Facility | E1: MFLCode | F1: Support Type | G1: Numerator | H1: Unkown F | I1: <1 F | J1: 1-4 F | K1: 5-9 F | L1: 10-14 F | M1: 15-19 F | N1: 20-24 F | O1: 25-29 F | P1: 30-34 F | Q1: 35-39 F | R1: 40-44 F | S1: 45-49 F | T1: 50-54 F | U1: Unkown M | V1: <1 M | W1: 1-4 M | X1: 5-9 M | Y1: 10-14 M | Z1: 15-19 M | AA1: 20-24 M | AB1: 25-29 M | AC1: 30-34 M | AD1: 35-39 M | AE1: 40-44 M | AF1: 45-49 M | AG1: 50-54 M | AH1: mmd < 3m Unkown Age F | AI1: mmd < 3m <15 F | AJ1: mmd < 3m 15+ F | AK1: mmd 3-5m Unkown Age F | AL1: mmd 3-5m<15 F | AM1: mmd 3-5m15+ F | AN1: mmd 6 Unkown Age F | AO1: mmd 6 <15 F | AP1: mmd 6 15+ F | AQ1: mmd < 3m Unkown Age M | AR1: mmd < 3m <15 M | AS1: mmd < 3m 15+ M | AT1: mmd 3-5m Unkown Age M | AU1: mmd 3-5m <15 M | AV1: mmd 3-5m 15+ M | AW1: mmd 6 Unkown Age M | AX1: mmd 6 <15 M | AY1: mmd 6 15+ M | AZ1: PWID | BA1: MSM | BB1: Transgender People | BC1: FSW | BD1: People in Prison and other enclosed settings | BE1: ART High Volume | BF1: HTC High Volume | BG1: PMTCT High Volume | BH1: 55-59 M | BI1: 60-64 M | BJ1: 65+ M | BK1: 55-59 F | BL1: 60-64 F | BM1: 65+ F | BN1: Num vs KP Validation | BO1: Picked Site
BN2: =G2-SUM(AZ2:BD2) -> 0 | BO2: =IF(BN2<0,$D2&",","")
BN3: =G3-SUM(AZ3:BD3) -> 0 | BO3: =IF(BN3<0,$D3&",","")
BN4: =G4-SUM(AZ4:BD4) -> 0 | BO4: =IF(BN4<0,$D4&",","")
BN5: =G5-SUM(AZ5:BD5) -> 0 | BO5: =IF(BN5<0,$D5&",","")
BN6: =G6-SUM(AZ6:BD6) -> 0 | BO6: =IF(BN6<0,$D6&",","")
BN7: =G7-SUM(AZ7:BD7) -> 0 | BO7: =IF(BN7<0,$D7&",","")
BN8: =G8-SUM(AZ8:BD8) -> 0 | BO8: =IF(BN8<0,$D8&",","")
BN9: =G9-SUM(AZ9:BD9) -> 0 | BO9: =IF(BN9<0,$D9&",","")
BN10: =G10-SUM(AZ10:BD10) -> 0 | BO10: =IF(BN10<0,$D10&",","")
BN11: =G11-SUM(AZ11:BD11) -> 0 | BO11: =IF(BN11<0,$D11&",","")
BN12: =G12-SUM(AZ12:BD12) -> 0 | BO12: =IF(BN12<0,$D12&",","")
BN13: =G13-SUM(AZ13:BD13) -> 0 | BO13: =IF(BN13<0,$D13&",","")
... BN349: =G349-SUM(AZ349:BD349) -> 0 | BO349: =IF(BN349<0,$D349&",","")
A350: =A2 -> 0 | B350: USAID Tujenge Jamii | C350: USAID Tujenge Jamii | D350: USAID Tujenge Jamii | E350: 11111 | F350: DSD | G350: =SUM(G2:G349) -> 0 | H350: =SUM(H2:H349) -> 0 | I350: =SUM(I2:I349) -> 0 | J350: =SUM(J2:J349) -> 0 | K350: =SUM(K2:K349) -> 0 | L350: =SUM(L2:L349) -> 0 | M350: =SUM(M2:M349) -> 0 | N350: =SUM(N2:N349) -> 0 | ... BD350: =SUM(BD2:BD349) -> 0 | BE350: 1 | BF350: 1 | BG350: 1 | BH350: =SUM(BH2:BH349) -> 0 | BI350: =SUM(BI2:BI349) -> 0 | BJ350: =SUM(BJ2:BJ349) -> 0 | BK350: =SUM(BK2:BK349) -> 0 | BL350: =SUM(BL2:BL349) -> 0 | BM350: =SUM(BM2:BM349) -> 0

Sheet TX_RTT
A1: period | B1: County | C1: sub-county | D1: Facility | E1: MFLCode | F1: Support Type | G1: Numerator | H1: CD4_200 Unknown F | I1: CD4_200 <1 F | J1: CD4_200 1-4 F | K1: CD4_200 5-9 F | L1: CD4_200 10-14 F | M1: CD4_200 15-19 F | N1: CD4_200 20-24 F | O1: CD4_200 25-29 F | P1: CD4_200 30-34 F | Q1: CD4_200 35-39 F | R1: CD4_200 40-44 F | S1: CD4_200 45-49 F | T1: CD4_200 50-54 F | U1: CD4_200 55-59 F | V1: CD4_200 60-64 F | W1: CD4_200 65+ F | X1: CD4_200 Unknown M | Y1: CD4_200 <1 M | Z1: CD4_200 1-4 M | AA1: CD4_200 5-9 M | AB1: CD4_200 10-14 M | AC1: CD4_200 15-19 M | AD1: CD4_200 20-24 M | AE1: CD4_200 25-29 M | AF1: CD4_200 30-34 M | AG1: CD4_200 35-39 M | AH1: CD4_200 40-44 M | AI1: CD4_200 45-49 M | AJ1: CD4_200 50-54 M | AK1: CD4_200 55-59 M | AL1: CD4_200 60-64 M | AM1: CD4_200 65+ M | AN1: CD4_gt_200 Unknown F | AO1: CD4_gt_200 <1 F | AP1: CD4_gt_200 1-4 F | AQ1: CD4_gt_200 5-9 F | AR1: CD4_gt_200 10-14 F | AS1: CD4_gt_200 15-19 F | AT1: CD4_gt_200 20-24 F | AU1: CD4_gt_200 25-29 F | AV1: CD4_gt_200 30-34 F | AW1: CD4_gt_200 35-39 F | AX1: CD4_gt_200 40-44 F | AY1: CD4_gt_200 45-49 F | AZ1: CD4_gt_200 50-54 F | BA1: CD4_gt_200 55-59 F | BB1: CD4_gt_200 60-64 F | BC1: CD4_gt_200 65+ F | BD1: CD4_gt_200 Unknown M | BE1: CD4_gt_200 <1 M | BF1: CD4_gt_200 1-4 M | BG1: CD4_gt_200 5-9 M | BH1: CD4_gt_200 10-14 M | BI1: CD4_gt_200 15-19 M | BJ1: CD4_gt_200 20-24 M | BK1: CD4_gt_200 25-29 M | BL1: CD4_gt_200 30-34 M | BM1: CD4_gt_200 35-39 M | BN1: CD4_gt_200 40-44 M | BO1: CD4_gt_200 45-49 M | BP1: CD4_gt_200 50-54 M | BQ1: CD4_gt_200 55-59 M | BR1: CD4_gt_200 60-64 M | BS1: CD4_gt_200 65+ M | BT1: CD4_ukn Unknown F | BU1: CD4_ukn <1 F | BV1: CD4_ukn 1-4 F | BW1: CD4_ukn 5-9 F | BX1: CD4_ukn 10-14 F | BY1: CD4_ukn 15-19 F | BZ1: CD4_ukn 20-24 F | CA1: CD4_ukn 25-29 F | CB1: CD4_ukn 30-34 F | CC1: CD4_ukn 35-39 F | CD1: CD4_ukn 40-44 F | CE1: CD4_ukn 45-49 F | CF1: CD4_ukn 50-54 F | CG1: CD4_ukn 55-59 F | CH1: CD4_ukn 60-64 F | CI1: CD4_ukn 65+ F | CJ1: CD4_ukn Unknown M | CK1: CD4_ukn <1 M | CL1: CD4_ukn 1-4 M | CM1: CD4_ukn 5-9 M | CN1: CD4_ukn 10-14 M | CO1: CD4_ukn 15-19 M | CP1: CD4_ukn 20-24 M | CQ1: CD4_ukn 25-29 M | CR1: CD4_ukn 30-34 M | CS1: CD4_ukn 35-39 M | CT1: CD4_ukn 40-44 M | CU1: CD4_ukn 45-49 M | CV1: CD4_ukn 50-54 M | CW1: CD4_ukn 55-59 M | CX1: CD4_ukn 60-64 M | CY1: CD4_ukn 65+ M | CZ1: CD4_inelig Unknown F | DA1: CD4_inelig <1 F | DB1: CD4_inelig 1-4 F | DC1: CD4_inelig 5-9 F | DD1: CD4_inelig 10-14 F | DE1: CD4_inelig 15-19 F | DF1: CD4_inelig 20-24 F | DG1: CD4_inelig 25-29 F | DH1: CD4_inelig 30-34 F | DI1: CD4_inelig 35-39 F | DJ1: CD4_inelig 40-44 F | DK1: CD4_inelig 45-49 F | DL1: CD4_inelig 50-54 F | DM1: CD4_inelig 55-59 F | DN1: CD4_inelig 60-64 F | DO1: CD4_inelig 65+ F | DP1: CD4_inelig Unknown M | DQ1: CD4_inelig <1 M | DR1: CD4_inelig 1-4 M | DS1: CD4_inelig 5-9 M | DT1: CD4_inelig 10-14 M | DU1: CD4_inelig 15-19 M | DV1: CD4_inelig 20-24 M | DW1: CD4_inelig 25-29 M | DX1: CD4_inelig 30-34 M | DY1: CD4_inelig 35-39 M | DZ1: CD4_inelig 40-44 M | EA1: CD4_inelig 45-49 M | EB1: CD4_inelig 50-54 M | EC1: CD4_inelig 55-59 M | ED1: CD4_inelig 60-64 M | EE1: CD4_inelig 65+ M | EF1: RTT < 3months | EG1: RTT 3-5 | EH1: RTT 6+ | EI1: PWID | EJ1: MSM | EK1: Transgender People | EL1: FSW | EM1: People in Prison and other enclosed settings | EN1: ART High Volume | EO1: HTC High Volume | EP1: PMTCT High Volume | EQ1: Num vs KP Validation | ER1: Picked Site
EQ2: =G2-SUM(EI2:EM2) -> 0 | ER2: =IF(EQ2<0,$D2&",","")
EQ3: =G3-SUM(EI3:EM3) -> 0 | ER3: =IF(EQ3<0,$D3&",","")
EQ4: =G4-SUM(EI4:EM4) -> 0 | ER4: =IF(EQ4<0,$D4&",","")
EQ5: =G5-SUM(EI5:EM5) -> 0 | ER5: =IF(EQ5<0,$D5&",","")
EQ6: =G6-SUM(EI6:EM6) -> 0 | ER6: =IF(EQ6<0,$D6&",","")
EQ7: =G7-SUM(EI7:EM7) -> 0 | ER7: =IF(EQ7<0,$D7&",","")
EQ8: =G8-SUM(EI8:EM8) -> 0 | ER8: =IF(EQ8<0,$D8&",","")
EQ9: =G9-SUM(EI9:EM9) -> 0 | ER9: =IF(EQ9<0,$D9&",","")
EQ10: =G10-SUM(EI10:EM10) -> 0 | ER10: =IF(EQ10<0,$D10&",","")
EQ11: =G11-SUM(EI11:EM11) -> 0 | ER11: =IF(EQ11<0,$D11&",","")
EQ12: =G12-SUM(EI12:EM12) -> 0 | ER12: =IF(EQ12<0,$D12&",","")
EQ13: =G13-SUM(EI13:EM13) -> 0 | ER13: =IF(EQ13<0,$D13&",","")
... EQ349: =G349-SUM(EI349:EM349) -> 0 | ER349: =IF(EQ349<0,$D349&",","")
A350: =A2 -> 0 | B350: USAID Tujenge Jamii | C350: USAID Tujenge Jamii | D350: USAID Tujenge Jamii | E350: 11111 | F350: DSD | G350: =SUM(G2:G349) -> 0 | H350: =SUM(H2:H349) -> 0 | I350: =SUM(I2:I349) -> 0 | J350: =SUM(J2:J349) -> 0 | K350: =SUM(K2:K349) -> 0 | L350: =SUM(L2:L349) -> 0 | M350: =SUM(M2:M349) -> 0 | N350: =SUM(N2:N349) -> 0 | ... EM350: =SUM(EM2:EM349) -> 0 | EN350: 1 | EO350: 1 | EP350: 1

Sheet TX_ML
A1: period | B1: County | C1: sub_county | D1: Facility | E1: MFLCode | F1: Support Type | G1: Numerator | H1: Died Unkown F | I1: Died <1 F | J1: Died 1-4 F | K1: Died 5-9 F | L1: Died 10-14 F | M1: Died 15-19 F | N1: Died 20-24 F | O1: Died 25-29 F | P1: Died 30-34 F | Q1: Died 35-39 F | R1: Died 40-44 F | S1: Died 45-49 F | T1: Died 50-54 F | U1: Died 55-59 F | V1: Died 60-64 F | W1: Died 65+ F | X1: Died Sub Total F | Y1: Died Unkown M | Z1: Died <1 M | AA1: Died 1-4 M | AB1: Died 5-9 M | AC1: Died 10-14 M | AD1: Died 15-19 M | AE1: Died 20-24 M | AF1: Died 25-29 M | AG1: Died 30-34 M | AH1: Died 35-39 M | AI1: Died 40-44 M | AJ1: Died 45-49 M | AK1: Died 50-54 M | AL1: Died 55-59 M | AM1: Died 60-64 M | AN1: Died 65+ M | AO1: Died Sub Total | AP1: Total Died | AQ1: LTFU <3M Unkown F | AR1: LTFU <3M <1 F | AS1: LTFU <3M 1-4 F | AT1: LTFU <3M 5-9 F | AU1: LTFU <3M 10-14 F | AV1: LTFU <3M 15-19 F | AW1: LTFU <3M 20-24 F | AX1: LTFU <3M 25-29 F | AY1: LTFU <3M 30-34 F | AZ1: LTFU <3M 35-39 F | BA1: LTFU <3M 40-44 F | BB1: LTFU <3M 45-49 F | BC1: LTFU <3M 50-54 F | BD1: LTFU <3M 55-59 F | BE1: LTFU <3M 60-64 F | BF1: LTFU <3M 65+ F | BG1: LTFU <3M Sub Total F | BH1: LTFU <3M Unkown M | BI1: LTFU <3M <1 M | BJ1: LTFU <3M 1-4 M | BK1: LTFU <3M 5-9 M | BL1: LTFU <3M 10-14 M | BM1: LTFU <3M 15-19 M | BN1: LTFU <3M 20-24 M | BO1: LTFU <3M 25-29 M | BP1: LTFU <3M 30-34 M | BQ1: LTFU <3M 35-39 M | BR1: LTFU <3M 40-44 M | BS1: LTFU <3M 45-49 M | BT1: LTFU <3M 50-54 M | BU1: LTFU <3M 55-59 M | BV1: LTFU <3M 60-64 M | BW1: LTFU <3M 65+ M | BX1: LTFU <3M Sub Total | BY1: Total LTFU < 3m | BZ1: LTFU 3-5M Unkown F | CA1: LTFU 3-5M <1 F | CB1: LTFU 3-5M 1-4 F | CC1: LTFU 3-5M 5-9 F | CD1: LTFU 3-5M 10-14 F | CE1: LTFU 3-5M 15-19 F | CF1: LTFU 3-5M 20-24 F | CG1: LTFU 3-5M 25-29 F | CH1: LTFU 3-5M 30-34 F | CI1: LTFU 3-5M 35-39 F | CJ1: LTFU 3-5M 40-44 F | CK1: LTFU 3-5M 45-49 F | CL1: LTFU 3-5M 50-54 F | CM1: LTFU 3-5M 55-59 F | CN1: LTFU 3-5M 60-64 F | CO1: LTFU 3-5M 65+ F | CP1: LTFU 3-5M Sub Total F | CQ1: LTFU 3-5M Unkown M | CR1: LTFU 3-5M <1 M | CS1: LTFU 3-5M 1-4 M | CT1: LTFU 3-5M 5-9 M | CU1: LTFU 3-5M 10-14 M | CV1: LTFU 3-5M 15-19 M | CW1: LTFU 3-5M 20-24 M | CX1: LTFU 3-5M 25-29 M | CY1: LTFU 3-5M 30-34 M | CZ1: LTFU 3-5M 35-39 M | DA1: LTFU 3-5M 40-44 M | DB1: LTFU 3-5M 45-49 M | DC1: LTFU 3-5M 50-54 M | DD1: LTFU 3-5M 55-59 M | DE1: LTFU 3-5M 60-64 M | DF1: LTFU 3-5M 65+ M | DG1: LTFU 3-5M Sub Total | DH1: Total LTFU 3-5M | DI1: LTFU 6+M Unkown F | DJ1: LTFU 6+M <1 F | DK1: LTFU 6+M 1-4 F | DL1: LTFU 6+M 5-9 F | DM1: LTFU 6+M 10-14 F | DN1: LTFU 6+M 15-19 F | DO1: LTFU 6+M 20-24 F | DP1: LTFU 6+M 25-29 F | DQ1: LTFU 6+M 30-34 F | DR1: LTFU 6+M 35-39 F | DS1: LTFU 6+M 40-44 F | DT1: LTFU 6+M 45-49 F | DU1: LTFU 6+M 50-54 F | DV1: LTFU 6+M 55-59 F | DW1: LTFU 6+M 60-64 F | DX1: LTFU 6+M 65+ F | DY1: LTFU 6+M Sub Total F | DZ1: LTFU 6+M Unkown M | EA1: LTFU 6+M <1 M | EB1: LTFU 6+M 1-4 M | EC1: LTFU 6+M 5-9 M | ED1: LTFU 6+M 10-14 M | EE1: LTFU 6+M 15-19 M | EF1: LTFU 6+M 20-24 M | EG1: LTFU 6+M 25-29 M | EH1: LTFU 6+M 30-34 M | EI1: LTFU 6+M 35-39 M | EJ1: LTFU 6+M 40-44 M | EK1: LTFU 6+M 45-49 M | EL1: LTFU 6+M 50-54 M | EM1: LTFU 6+M 55-59 M | EN1: LTFU 6+M 60-64 M | EO1: LTFU 6+M 65+ M | EP1: LTFU 6+M Sub Total | EQ1: LTFU 6+M Total | ER1: TO Unkown F | ES1: TO <1 F | ET1: TO 1-4 F | EU1: TO 5-9 F | EV1: TO 10-14 F | EW1: TO 15-19 F | EX1: TO 20-24 F | EY1: TO 25-29 F | EZ1: TO 30-34 F | FA1: TO 35-39 F | FB1: TO 40-44 F | FC1: TO 45-49 F | FD1: TO 50-54 F | FE1: TO 55-59 F | FF1: TO 60-64 F | FG1: TO 65+ F | FH1: TO Sub Total F | FI1: TO Unkown M | FJ1: TO <1 M | FK1: TO 1-4 M | FL1: TO 5-9 M | FM1: TO 10-14 M | FN1: TO 15-19 M | FO1: TO 20-24 M | FP1: TO 25-29 M | FQ1: TO 30-34 M | FR1: TO 35-39 M | FS1: TO 40-44 M | FT1: TO 45-49 M | FU1: TO 50-54 M | FV1: TO 55-59 M | FW1: TO 60-64 M | FX1: TO 65+ M | FY1: Total Transffered out | FZ1: Stopped Treatment Unkown F | GA1: Stopped Treatment <1 F | GB1: Stopped Treatment 1-4 F | GC1: Stopped Treatment 5-9 F | GD1: Stopped Treatment 10-14 F | GE1: Stopped Treatment 15-19 F | GF1: Stopped Treatment 20-24 F | GG1: Stopped Treatment 25-29 F | GH1: Stopped Treatment 30-34 F | GI1: Stopped Treatment 35-39 F | GJ1: Stopped Treatment 40-44 F | GK1: Stopped Treatment 45-49 F | GL1: Stopped Treatment 50-54 F | GM1: Stopped Treatment 55-59 F | GN1: Stopped Treatment 60-64 F | GO1: Stopped Treatment 65+ F | GP1: Stopped Treatment Sub Total F | GQ1: Stopped Treatment Unkown M | GR1: Stopped Treatment <1 M | GS1: Stopped Treatment 1-4 M | GT1: Stopped Treatment 5-9 M | GU1: Stopped Treatment 10-14 M | GV1: Stopped Treatment 15-19 M | GW1: Stopped Treatment 20-24 M | GX1: Stopped Treatment 25-29 M | GY1: Stopped Treatment 30-34 M | GZ1: Stopped Treatment 35-39 M | HA1: Stopped Treatment 40-44 M | HB1: Stopped Treatment 45-49 M | HC1: Stopped Treatment 50-54 M | HD1: Stopped Treatment 55-59 M | HE1: Stopped Treatment 60-64 M | HF1: Stopped Treatment 65+ M | HG1: Stopped Treatment Sub Total | HH1: Total Refused Treatment | HI1: TB Diseases Unkown F | HJ1: TB Diseases <1 F | HK1: TB Diseases 1-4 F | HL1: TB Diseases 5-9 F | HM1: TB Diseases 10-14 F | HN1: TB Diseases 15-19 F | HO1: TB Diseases 20-24 F | HP1: TB Diseases 25-29 F | HQ1: TB Diseases 30-34 F | HR1: TB Diseases 35-39 F | HS1: TB Diseases 40-44 F | HT1: TB Diseases 45-49 F | HU1: TB Diseases 50-54 F | HV1: TB Diseases 55-59 F | HW1: TB Diseases 60-64 F | HX1: TB Diseases 65+ F | HY1: TB Diseases Sub Total F | HZ1: TB Diseases Unkown M | IA1: TB Diseases <1 M | IB1: TB Diseases 1-4 M | IC1: TB Diseases 5-9 M | ID1: TB Diseases 10-14 M | IE1: TB Diseases 15-19 M | IF1: TB Diseases 20-24 M | IG1: TB Diseases 25-29 M | IH1: TB Diseases 30-34 M | II1: TB Diseases 35-39 M | IJ1: TB Diseases 40-44 M | IK1: TB Diseases 45-49 M | IL1: TB Diseases 50-54 M | IM1: TB Diseases 55-59 M | IN1: TB Diseases 60-64 M | IO1: TB Diseases 65+ M | IP1: TB Diseases Sub Total | IQ1: Sub Total | IR1: Cancer Diseases Unkown F | IS1: Cancer Diseases <1 F | IT1: Cancer Diseases 1-4 F | IU1: Cancer Diseases 5-9 F | IV1: Cancer Diseases 10-14 F | IW1: Cancer Diseases 15-19 F | IX1: Cancer Diseases 20-24 F | IY1: Cancer Diseases 25-29 F | IZ1: Cancer Diseases 30-34 F | JA1: Cancer Diseases 35-39 F | JB1: Cancer Diseases 40-44 F | JC1: Cancer Diseases 45-49 F | JD1: Cancer Diseases 50-54 F | JE1: Cancer Diseases 55-59 F | JF1: Cancer Diseases 60-64 F | JG1: Cancer Diseases 65+ F | JH1: Cancer Diseases Sub Total F | JI1: Cancer Diseases Unkown M | JJ1: Cancer Diseases <1 M | JK1: Cancer Diseases 1-4 M | JL1: Cancer Diseases 5-9 M | JM1: Cancer Diseases 10-14 M | JN1: Cancer Diseases 15-19 M | JO1: Cancer Diseases 20-24 M | JP1: Cancer Diseases 25-29 M | JQ1: Cancer Diseases 30-34 M | JR1: Cancer Diseases 35-39 M | JS1: Cancer Diseases 40-44 M | JT1: Cancer Diseases 45-49 M | JU1: Cancer Diseases 50-54 M | JV1: Cancer Diseases 55-59 M | JW1: Cancer Diseases 60-64 M | JX1: Cancer Diseases 65+ M | JY1: Cancer Diseases Sub Total | JZ1: Sub Total | KA1: Other Infectious and parasitic Diseases Unkown F | KB1: Other Infectious and parasitic Diseases <1 F | KC1: Other Infectious and parasitic Diseases 1-4 F | KD1: Other Infectious and parasitic Diseases 5-9 F | KE1: Other Infectious and parasitic Diseases 10-14 F | KF1: Other Infectious and parasitic Diseases 15-19 F | KG1: Other Infectious and parasitic Diseases 20-24 F | KH1: Other Infectious and parasitic Diseases 25-29 F | KI1: Other Infectious and parasitic Diseases 30-34 F | KJ1: Other Infectious and parasitic Diseases 35-39 F | KK1: Other Infectious and parasitic Diseases 40-44 F | KL1: Other Infectious and parasitic Diseases 45-49 F | KM1: Other Infectious and parasitic Diseases 50-54 F | KN1: Other Infectious and parasitic Diseases 55-59 F | KO1: Other Infectious and parasitic Diseases 60-64 F | KP1: Other Infectious and parasitic Diseases 65+ F | KQ1: Other Infectious and parasitic Diseases Sub Total F | KR1: Other Infectious and parasitic Diseases Unkown M | KS1: Other Infectious and parasitic Diseases <1 M | KT1: Other Infectious and parasitic Diseases 1-4 M | KU1: Other Infectious and parasitic Diseases 5-9 M | KV1: Other Infectious and parasitic Diseases 10-14 M | KW1: Other Infectious and parasitic Diseases 15-19 M | KX1: Other Infectious and parasitic Diseases 20-24 M | KY1: Other Infectious and parasitic Diseases 25-29 M | KZ1: Other Infectious and parasitic Diseases 30-34 M | LA1: Other Infectious and parasitic Diseases 35-39 M | LB1: Other Infectious and parasitic Diseases 40-44 M | LC1: Other Infectious and parasitic Diseases 45-49 M | LD1: Other Infectious and parasitic Diseases 50-54 M | LE1: Other Infectious and parasitic Diseases 55-59 M | LF1: Other Infectious and parasitic Diseases 60-64 M | LG1: Other Infectious and parasitic Diseases 65+ M | LH1: Other Infectious and parasitic Diseases Sub Total | LI1: Sub Total | LJ1: Other conditions leading to Death Unkown F | LK1: Other conditions leading to Death <1 F | LL1: Other conditions leading to Death 1-4 F | LM1: Other conditions leading to Death 5-9 F | LN1: Other conditions leading to Death 10-14 F | LO1: Other conditions leading to Death 15-19 F | LP1: Other conditions leading to Death 20-24 F | LQ1: Other conditions leading to Death 25-29 F | LR1: Other conditions leading to Death 30-34 F | LS1: Other conditions leading to Death 35-39 F | LT1: Other conditions leading to Death 40-44 F | LU1: Other conditions leading to Death 45-49 F | LV1: Other conditions leading to Death 50-54 F | LW1: Other conditions leading to Death 55-59 F | LX1: Other conditions leading to Death 60-64 F | LY1: Other conditions leading to Death 65+ F | LZ1: Other conditions leading to Death Sub Total F | MA1: Other conditions leading to Death Unkown M | MB1: Other conditions leading to Death <1 M | MC1: Other conditions leading to Death 1-4 M | MD1: Other conditions leading to Death 5-9 M | ME1: Other conditions leading to Death 10-14 M | MF1: Other conditions leading to Death 15-19 M | MG1: Other conditions leading to Death 20-24 M | MH1: Other conditions leading to Death 25-29 M | MI1: Other conditions leading to Death 30-34 M | MJ1: Other conditions leading to Death 35-39 M | MK1: Other conditions leading to Death 40-44 M | ML1: Other conditions leading to Death 45-49 M | MM1: Other conditions leading to Death 50-54 M | MN1: Other conditions leading to Death 55-59 M | MO1: Other conditions leading to Death 60-64 M | MP1: Other conditions leading to Death 65+ M | MQ1: Other conditions leading to Death Sub Total | MR1: Sub Total | MS1: Other Naturual causes Unkown F | MT1: Other Naturual causes <1 F | MU1: Other Naturual causes 1-4 F | MV1: Other Naturual causes 5-9 F | MW1: Other Naturual causes 10-14 F | MX1: Other Naturual causes 15-19 F | MY1: Other Naturual causes 20-24 F | MZ1: Other Naturual causes 25-29 F | NA1: Other Naturual causes 30-34 F | NB1: Other Naturual causes 35-39 F | NC1: Other Naturual causes 40-44 F | ND1: Other Naturual causes 45-49 F | NE1: Other Naturual causes 50-54 F | NF1: Other Naturual causes 55-59 F | NG1: Other Naturual causes 60-64 F | NH1: Other Naturual causes 65+ F | NI1: Other Naturual causes Sub Total F | NJ1: Other Naturual causes Unkown M | NK1: Other Naturual causes <1 M | NL1: Other Naturual causes 1-4 M | NM1: Other Naturual causes 5-9 M | NN1: Other Naturual causes 10-14 M | NO1: Other Naturual causes 15-19 M | NP1: Other Naturual causes 20-24 M | NQ1: Other Naturual causes 25-29 M | NR1: Other Naturual causes 30-34 M | NS1: Other Naturual causes 35-39 M | NT1: Other Naturual causes 40-44 M | NU1: Other Naturual causes 45-49 M | NV1: Other Naturual causes 50-54 M | NW1: Other Naturual causes 55-59 M | NX1: Other Naturual causes 60-64 M | NY1: Other Naturual causes 65+ M | NZ1: Other Naturual causes Sub Total | OA1: Sub Total | OB1: Non Natural causes Unkown F | OC1: Non Natural causes <1 F | OD1: Non Natural causes 1-4 F | OE1: Non Natural causes 5-9 F | OF1: Non Natural causes 10-14 F | OG1: Non Natural causes 15-19 F | OH1: Non Natural causes 20-24 F | OI1: Non Natural causes 25-29 F | OJ1: Non Natural causes 30-34 F | OK1: Non Natural causes 35-39 F | OL1: Non Natural causes 40-44 F | OM1: Non Natural causes 45-49 F | ON1: Non Natural causes 50-54 F | OO1: Non Natural causes 55-59 F | OP1: Non Natural causes 60-64 F | OQ1: Non Natural causes 65+ F | OR1: Non Natural causes Sub Total F | OS1: Non Natural causes Unkown M | OT1: Non Natural causes <1 M | OU1: Non Natural causes 1-4 M | OV1: Non Natural causes 5-9 M | OW1: Non Natural causes 10-14 M | OX1: Non Natural causes 15-19 M | OY1: Non Natural causes 20-24 M | OZ1: Non Natural causes 25-29 M | PA1: Non Natural causes 30-34 M | PB1: Non Natural causes 35-39 M | PC1: Non Natural causes 40-44 M | PD1: Non Natural causes 45-49 M | PE1: Non Natural causes 50-54 M | PF1: Non Natural causes 55-59 M | PG1: Non Natural causes 60-64 M | PH1: Non Natural causes 65+ M | PI1: Non Natural causes Sub Total | PJ1: Sub Total | PK1: Unknown causes Unkown F | PL1: Unknown causes <1 F | PM1: Unknown causes 1-4 F | PN1: Unknown causes 5-9 F | PO1: Unknown causes 10-14 F | PP1: Unknown causes 15-19 F | PQ1: Unknown causes 20-24 F | PR1: Unknown causes 25-29 F | PS1: Unknown causes 30-34 F | PT1: Unknown causes 35-39 F | PU1: Unknown causes 40-44 F | PV1: Unknown causes 45-49 F | PW1: Unknown causes 50-54 F | PX1: Unknown causes 55-59 F | PY1: Unknown causes 60-64 F | PZ1: Unknown causes 65+ F | QA1: Unknown causes Sub Total F | QB1: Unknown causes Unkown M | QC1: Unknown causes <1 M | QD1: Unknown causes 1-4 M | QE1: Unknown causes 5-9 M | QF1: Unknown causes 10-14 M | QG1: Unknown causes 15-19 M | QH1: Unknown causes 20-24 M | QI1: Unknown causes 25-29 M | QJ1: Unknown causes 30-34 M | QK1: Unknown causes 35-39 M | QL1: Unknown causes 40-44 M | QM1: Unknown causes 45-49 M | QN1: Unknown causes 50-54 M | QO1: Unknown causes 55-59 M | QP1: Unknown causes 60-64 M | QQ1: Unknown causes 65+ M | QR1: Unknown causes Sub Total | QS1: Sub Total | QT1: died_pwid | QU1: died_msm | QV1: died_tg | QW1: died_fsw | QX1: died_people in prison | QY1: died_sub-totals | QZ1: iit 3m_pwid | RA1: iit 3m_msm | RB1: iit 3m_tg | RC1: iit 3m_fsw | RD1: iit 3m_people in prison | RE1: iit 3m_sub-totals | RF1: iit 3_5 m_pwid | RG1: iit 3_5 m_msm | RH1: iit 3_5 m_tg | RI1: iit 3_5 m_fsw | RJ1: iit 3_5 m_people in prison | RK1: iit 3_5 m_sub-totals | RL1: iit 6m_pwid | RM1: iit 6m_msm | RN1: iit 6m_tg | RO1: iit 6m_fsw | RP1: iit 6m_people in prison | RQ1: iit 6m_sub-totals | RR1: to_pwid | RS1: to_msm | RT1: to_tg | RU1: to_fsw | RV1: to_people in prison | RW1: to_sub-totals | RX1: stopped_pwid | RY1: stopped_msm | RZ1: stopped_tg | SA1: stopped_fsw | SB1: stopped_people in prison | SC1: stopped_sub-totals | SD1: ART High Volume | SE1: HTC High Volume | SF1: PMTCT High Volume | SG1: Died Num vs KP Validation | SH1: Died Picked Site | SI1: <3m Num vs KP Validation | SJ1: <3 m Picked Sites | SK1: 3-5m Num vs KP Validation | SL1: 3-5 m Picked Sites | SM1: iit 6+ Num vs KP Validation | SN1: iit 6+ m Picked Sites | SO1: To Num vs KP Validation | SP1: To m Picked Sites | SQ1: Stopped Treatment Num vs KP Validation | SR1: Stopped Treatment Picked Sites
SG2: =AP2-SUM(QY2) -> 0 | SH2: =IF(SG2<0,$D2&",","") | SI2: =BY2-SUM(RE2) -> 0 | SJ2: =IF(SI2<0,$D2&",","") | SK2: =DH2-SUM(RK2) -> 0 | SL2: =IF(SK2<0,$D2&",","") | SM2: =EQ2-SUM(RQ2) -> 0 | SN2: =IF(SM2<0,$D2&",","") | SO2: =SUM(ER2:FG2,FI2:FX2)-SUM(RW2) -> 0 | SP2: =IF(SO2<0,$D2&",","") | SQ2: =HH2-SUM(SC2) -> 0 | SR2: =IF(SQ2<0,$D2&",","")
SG3: =AP3-SUM(QY3) -> 0 | SH3: =IF(SG3<0,$D3&",","") | SI3: =BY3-SUM(RE3) -> 0 | SJ3: =IF(SI3<0,$D3&",","") | SK3: =DH3-SUM(RK3) -> 0 | SL3: =IF(SK3<0,$D3&",","") | SM3: =EQ3-SUM(RQ3) -> 0 | SN3: =IF(SM3<0,$D3&",","") | SO3: =SUM(ER3:FG3,FI3:FX3)-SUM(RW3) -> 0 | SP3: =IF(SO3<0,$D3&",","") | SQ3: =HH3-SUM(SC3) -> 0 | SR3: =IF(SQ3<0,$D3&",","")
SG4: =AP4-SUM(QY4) -> 0 | SH4: =IF(SG4<0,$D4&",","") | SI4: =BY4-SUM(RE4) -> 0 | SJ4: =IF(SI4<0,$D4&",","") | SK4: =DH4-SUM(RK4) -> 0 | SL4: =IF(SK4<0,$D4&",","") | SM4: =EQ4-SUM(RQ4) -> 0 | SN4: =IF(SM4<0,$D4&",","") | SO4: =SUM(ER4:FG4,FI4:FX4)-SUM(RW4) -> 0 | SP4: =IF(SO4<0,$D4&",","") | SQ4: =HH4-SUM(SC4) -> 0 | SR4: =IF(SQ4<0,$D4&",","")
SG5: =AP5-SUM(QY5) -> 0 | SH5: =IF(SG5<0,$D5&",","") | SI5: =BY5-SUM(RE5) -> 0 | SJ5: =IF(SI5<0,$D5&",","") | SK5: =DH5-SUM(RK5) -> 0 | SL5: =IF(SK5<0,$D5&",","") | SM5: =EQ5-SUM(RQ5) -> 0 | SN5: =IF(SM5<0,$D5&",","") | SO5: =SUM(ER5:FG5,FI5:FX5)-SUM(RW5) -> 0 | SP5: =IF(SO5<0,$D5&",","") | SQ5: =HH5-SUM(SC5) -> 0 | SR5: =IF(SQ5<0,$D5&",","")
SG6: =AP6-SUM(QY6) -> 0 | SH6: =IF(SG6<0,$D6&",","") | SI6: =BY6-SUM(RE6) -> 0 | SJ6: =IF(SI6<0,$D6&",","") | SK6: =DH6-SUM(RK6) -> 0 | SL6: =IF(SK6<0,$D6&",","") | SM6: =EQ6-SUM(RQ6) -> 0 | SN6: =IF(SM6<0,$D6&",","") | SO6: =SUM(ER6:FG6,FI6:FX6)-SUM(RW6) -> 0 | SP6: =IF(SO6<0,$D6&",","") | SQ6: =HH6-SUM(SC6) -> 0 | SR6: =IF(SQ6<0,$D6&",","")
SG7: =AP7-SUM(QY7) -> 0 | SH7: =IF(SG7<0,$D7&",","") | SI7: =BY7-SUM(RE7) -> 0 | SJ7: =IF(SI7<0,$D7&",","") | SK7: =DH7-SUM(RK7) -> 0 | SL7: =IF(SK7<0,$D7&",","") | SM7: =EQ7-SUM(RQ7) -> 0 | SN7: =IF(SM7<0,$D7&",","") | SO7: =SUM(ER7:FG7,FI7:FX7)-SUM(RW7) -> 0 | SP7: =IF(SO7<0,$D7&",","") | SQ7: =HH7-SUM(SC7) -> 0 | SR7: =IF(SQ7<0,$D7&",","")
SG8: =AP8-SUM(QY8) -> 0 | SH8: =IF(SG8<0,$D8&",","") | SI8: =BY8-SUM(RE8) -> 0 | SJ8: =IF(SI8<0,$D8&",","") | SK8: =DH8-SUM(RK8) -> 0 | SL8: =IF(SK8<0,$D8&",","") | SM8: =EQ8-SUM(RQ8) -> 0 | SN8: =IF(SM8<0,$D8&",","") | SO8: =SUM(ER8:FG8,FI8:FX8)-SUM(RW8) -> 0 | SP8: =IF(SO8<0,$D8&",","") | SQ8: =HH8-SUM(SC8) -> 0 | SR8: =IF(SQ8<0,$D8&",","")
SG9: =AP9-SUM(QY9) -> 0 | SH9: =IF(SG9<0,$D9&",","") | SI9: =BY9-SUM(RE9) -> 0 | SJ9: =IF(SI9<0,$D9&",","") | SK9: =DH9-SUM(RK9) -> 0 | SL9: =IF(SK9<0,$D9&",","") | SM9: =EQ9-SUM(RQ9) -> 0 | SN9: =IF(SM9<0,$D9&",","") | SO9: =SUM(ER9:FG9,FI9:FX9)-SUM(RW9) -> 0 | SP9: =IF(SO9<0,$D9&",","") | SQ9: =HH9-SUM(SC9) -> 0 | SR9: =IF(SQ9<0,$D9&",","")
SG10: =AP10-SUM(QY10) -> 0 | SH10: =IF(SG10<0,$D10&",","") | SI10: =BY10-SUM(RE10) -> 0 | SJ10: =IF(SI10<0,$D10&",","") | SK10: =DH10-SUM(RK10) -> 0 | SL10: =IF(SK10<0,$D10&",","") | SM10: =EQ10-SUM(RQ10) -> 0 | SN10: =IF(SM10<0,$D10&",","") | SO10: =SUM(ER10:FG10,FI10:FX10)-SUM(RW10) -> 0 | SP10: =IF(SO10<0,$D10&",","") | SQ10: =HH10-SUM(SC10) -> 0 | SR10: =IF(SQ10<0,$D10&",","")
SG11: =AP11-SUM(QY11) -> 0 | SH11: =IF(SG11<0,$D11&",","") | SI11: =BY11-SUM(RE11) -> 0 | SJ11: =IF(SI11<0,$D11&",","") | SK11: =DH11-SUM(RK11) -> 0 | SL11: =IF(SK11<0,$D11&",","") | SM11: =EQ11-SUM(RQ11) -> 0 | SN11: =IF(SM11<0,$D11&",","") | SO11: =SUM(ER11:FG11,FI11:FX11)-SUM(RW11) -> 0 | SP11: =IF(SO11<0,$D11&",","") | SQ11: =HH11-SUM(SC11) -> 0 | SR11: =IF(SQ11<0,$D11&",","")
SG12: =AP12-SUM(QY12) -> 0 | SH12: =IF(SG12<0,$D12&",","") | SI12: =BY12-SUM(RE12) -> 0 | SJ12: =IF(SI12<0,$D12&",","") | SK12: =DH12-SUM(RK12) -> 0 | SL12: =IF(SK12<0,$D12&",","") | SM12: =EQ12-SUM(RQ12) -> 0 | SN12: =IF(SM12<0,$D12&",","") | SO12: =SUM(ER12:FG12,FI12:FX12)-SUM(RW12) -> 0 | SP12: =IF(SO12<0,$D12&",","") | SQ12: =HH12-SUM(SC12) -> 0 | SR12: =IF(SQ12<0,$D12&",","")
SG13: =AP13-SUM(QY13) -> 0 | SH13: =IF(SG13<0,$D13&",","") | SI13: =BY13-SUM(RE13) -> 0 | SJ13: =IF(SI13<0,$D13&",","") | SK13: =DH13-SUM(RK13) -> 0 | SL13: =IF(SK13<0,$D13&",","") | SM13: =EQ13-SUM(RQ13) -> 0 | SN13: =IF(SM13<0,$D13&",","") | SO13: =SUM(ER13:FG13,FI13:FX13)-SUM(RW13) -> 0 | SP13: =IF(SO13<0,$D13&",","") | SQ13: =HH13-SUM(SC13) -> 0 | SR13: =IF(SQ13<0,$D13&",","")
... SG349: =AP349-SUM(QY349) -> 0 | SH349: =IF(SG349<0,$D349&",","") | SI349: =BY349-SUM(RE349) -> 0 | SJ349: =IF(SI349<0,$D349&",","") | SK349: =DH349-SUM(RK349) -> 0 | SL349: =IF(SK349<0,$D349&",","") | SM349: =EQ349-SUM(RQ349) -> 0 | SN349: =IF(SM349<0,$D349&",","") | SO349: =SUM(ER349:FG349,FI349:FX349)-SUM(RW349) -> 0 | SP349: =IF(SO349<0,$D349&",","") | SQ349: =HH349-SUM(SC349) -> 0 | SR349: =IF(SQ349<0,$D349&",","")
A350: =A2 -> 0 | B350: USAID Tujenge Jamii | C350: USAID Tujenge Jamii | D350: USAID Tujenge Jamii | E350: 11111 | F350: DSD | G350: =SUM(G2:G349) -> 0 | H350: =SUM(H2:H349) -> 0 | I350: =SUM(I2:I349) -> 0 | J350: =SUM(J2:J349) -> 0 | K350: =SUM(K2:K349) -> 0 | L350: =SUM(L2:L349) -> 0 | M350: =SUM(M2:M349) -> 0 | N350: =SUM(N2:N349) -> 0 | ... SC350: =SUM(SC2:SC349) -> 0 | SD350: 1 | SE350: 1 | SF350: 1

Sheet PMTCT_ART
A1: period | B1: County | C1: sub_county | D1: Facility | E1: MFLCode | F1: Support Type | G1: Numerator, Total PMTCT ART | H1: New on ART Unkown F | I1: New on ART <10 F | J1: New on ART 10-14 F | K1: New on ART 15-19 F | L1: New on ART 20-24 F | M1: New on ART 25-29 F | N1: New on ART 30-34 F | O1: New on ART 35-39 F | P1: New on ART 40-44 F | Q1: New on ART 45-49 F | R1: New on ART 50-54 F | S1: New on ART 55-59 F | T1: New on ART 60-64 F | U1: New on ART 65+ F | V1: Alredy on ART Unkown F | W1: Alredy on ART <10 F | X1: Alredy on ART 10-14 F | Y1: Alredy on ART 15-19 F | Z1: Alredy on ART 20-24 F | AA1: Alredy on ART 25-29 F | AB1: Alredy on ART 30-34 F | AC1: Alredy on ART 35-39 F | AD1: Alredy on ART 40-44 F | AE1: Alredy on ART 45-49 F | AF1: Alredy on ART 50-54 F | AG1: Alredy on ART 55-59 F | AH1: Alredy on ART 60-64 F | AI1: Alredy on ART 65+ F | AJ1: ART High Volume | AK1: HTC High Volume | AL1: PMTCT High Volume
A350: =A2 -> 0 | B350: USAID Tujenge Jamii | C350: USAID Tujenge Jamii | D350: USAID Tujenge Jamii | E350: 11111 | F350: DSD | G350: =SUM(G2:G349) -> 0 | H350: =SUM(H2:H349) -> 0 | I350: =SUM(I2:I349) -> 0 | J350: =SUM(J2:J349) -> 0 | K350: =SUM(K2:K349) -> 0 | L350: =SUM(L2:L349) -> 0 | M350: =SUM(M2:M349) -> 0 | N350: =SUM(N2:N349) -> 0 | ... Q350: =SUM(Q2:Q349) -> 0 | U350: =SUM(U2:U349) -> 0 | V350: =SUM(V2:V349) -> 0 | W350: =SUM(W2:W349) -> 0 | X350: =SUM(X2:X349) -> 0 | Y350: =SUM(Y2:Y349) -> 0 | Z350: =SUM(Z2:Z349) -> 0 | AA350: =SUM(AA2:AA349) -> 0 | AB350: =SUM(AB2:AB349) -> 0 | ... AE350: =SUM(AE2:AE349) -> 0 | AI350: =SUM(AI2:AI349) -> 0 | AJ350: 1 | AK350: 1 | AL350: 1

Sheet TB_ART
A1: period | B1: County | C1: Subcounty | D1: Facility | E1: mflcode | F1: SupportType | G1: Numerator | H1: TB_ART Already on ART | I1: Num Already Unknown Age F | J1: Num Already <1 F | K1: Num Already 1-4 F | L1: Num Already 5-9 F | M1: Num Already Num Already 10-14 F | N1: Num Already 15-19 F | O1: Num Already 20-24 F | P1: Num Already 25-29 F | Q1: Num Already 30-34 F | R1: Num Already 35-39 F | S1: Num Already 40-44 F | T1: Num Already 45-49 F | U1: Num Already 50-54 F | V1: Num Already 55-59 F | W1: Num Already 60-64 F | X1: Num Already 65+ F | Y1: Num Already Unknown Age M | Z1: Num Already <1 M | AA1: Num Already 1-4 M | AB1: Num Already 5-9 M | AC1: Num Already 10-14 M | AD1: Num Already 15-19 M | AE1: Num Already 20-24 M | AF1: Num Already 25-29 M | AG1: Num Already 30-34 M | AH1: Num Already 35-39 M | AI1: Num Already 40-44 M | AJ1: Num Already 45-49 M | AK1: Num Already 50-54 M | AL1: Num Already 55-59 M | AM1: Num Already 60-64 M | AN1: Num Already 65+ M | AO1: TB_ART New on ART | AP1: New On ART Unknown Age F | AQ1: New On ART <1 F | AR1: New On ART 1-4 F | AS1: New On ART 5-9 F | AT1: New On ART 10-14 F | AU1: New On ART 15-19 F | AV1: New On ART 20-24 F | AW1: New On ART 25-29 F | AX1: New On ART 30-34 F | AY1: New On ART 35-39 F | AZ1: New On ART 40-44 F | BA1: New On ART 45-49 F | BB1: New On ART 50-54 F | BC1: New On ART 55-59 F | BD1: New On ART 60-64 F | BE1: New On ART 65+ F | BF1: New On ART Unknown Age M | BG1: New On ART <1 M | BH1: New On ART 1-4 M | BI1: New On ART 5-9 M | BJ1: New On ART 10-14 M | BK1: New On ART 15-19 M | BL1: New On ART 20-24 M | BM1: New On ART 25-29 M | BN1: New On ART 30-34 M | BO1: New On ART 35-39 M | BP1: New On ART 40-44 M | BQ1: New On ART 45-49 M | BR1: New On ART 50-54 M | BS1: New On ART 55-59 M | BT1: New On ART 60-64 M | BU1: New On ART 65+ M
A350: =A2 -> 0 | B350: USAID Tujenge Jamii | C350: USAID Tujenge Jamii | D350: USAID Tujenge Jamii | E350: 11111 | F350: DSD | G350: =SUM(G2:G349) -> 0 | H350: =SUM(H2:H349) -> 0 | I350: =SUM(I2:I349) -> 0 | J350: =SUM(J2:J349) -> 0 | K350: =SUM(K2:K349) -> 0 | L350: =SUM(L2:L349) -> 0 | M350: =SUM(M2:M349) -> 0 | N350: =SUM(N2:N349) -> 0 | ... BU350: =SUM(BU2:BU349) -> 0

Sheet TX_TB_Do_not_use
A1: period | B1: County | C1: Subcounty | D1: Facility | E1: mflcode | F1: SupportType | G1: Numerator | H1: Num newly started ART Unknown Age F | I1: Num newly started ART < 15 F | J1: Num newly started ART 15+F | K1: Num newly started ART Unknown Age M | L1: Num newly started ART < 15 M | M1: Num newly started ART 15+ M | N1: Num Already on ART Unknown Age F | O1: Num Already on ART < 15 F | P1: Num Already on ART 15+ F | Q1: Num Unknown Age M | R1: Num Already on ART < 15 M | S1: Num Already on ART 15+ M | T1: Denominator | U1: Den Pos New on ART Unknown Age F | V1: Den Pos New on ART Pos < 15 F | W1: Den Pos New on ART 15+ F | X1: Den Pos New on ART Unknown Age M | Y1: Den Pos New on ART < 15 M | Z1: Den Pos New on ART 15+ M | AA1: Den Pos Pre on ART Unknown Age F | AB1: Den Pos Pre on ART Den Pos Pre on ART < 15 F | AC1: Den Pos Pre on ART 15+ F | AD1: Den Pos Pre on ART Unknown Age M | AE1: Den Pos Pre on ART < 15 M | AF1: Den Pos Pre on ART 15+ M | AG1: Den Screen Negative Newly Enrolled Unknown Age F | AH1: Den Screen Negative Newly Enrolled < 15 F | AI1: Den Screen Negative Newly Enrolled 15+ F | AJ1: Den Screen Negative Newly Enrolled Unknown Age M | AK1: Den Screen Negative Newly Enrolled < 15 M | AL1: Den Screen Negative Newly Enrolled 15+ M | AM1: Den Screen Negative Prev Enrolled Unknown Age F | AN1: Den Screen Negative Prev Enrolled < 15 F | AO1: Den Screen Negative Prev Enrolled 15+ F | AP1: Den Screen Negative Prev Enrolled Unknown Age M | AQ1: Den Screen Negative Prev Enrolled < 15 M | AR1: Den Screen Negative Prev Enrolled 15+ M | AS1: Number of ART patients who had a specimen sent for bacteriologic diagnosis of active TB disease | AT1: Smear Only | AU1: Gene Xpert MTB / R if Assay | AV1: Other (No Xpert) | AW1: Number of ART patients who had a positive result returned for bacteriologic diagnosis of active TB disease | AX1: ART_highvolume | AY1: HTC_highvolume | AZ1: PMTCT_highvolume | BA1: Denominator | BB1: TX_CURR | BC1: Variance | BD1: IS_TX_TB>TX_CURR | BE1: Recalculated Den Screen Negative Prev Enrolled 15+ F
BA2: =SUM(AP2:AR2,U2:AN2,BE2) -> 0 | BB2: 0 | BC2: =BB2-T2 -> 0 | BD2: =IF(BC2<0,1,0) -> 0 | BE2: =IF(BD2>=1,(AO2+BC2),AO2) -> 0
BA3: =SUM(AP3:AR3,U3:AN3,BE3) -> 0 | BB3: 0 | BC3: =BB3-T3 -> 0 | BD3: =IF(BC3<0,1,0) -> 0 | BE3: =IF(BD3>=1,(AO3+BC3),AO3) -> 0
BA4: =SUM(AP4:AR4,U4:AN4,BE4) -> 0 | BB4: 0 | BC4: =BB4-T4 -> 0 | BD4: =IF(BC4<0,1,0) -> 0 | BE4: =IF(BD4>=1,(AO4+BC4),AO4) -> 0
BA5: =SUM(AP5:AR5,U5:AN5,BE5) -> 0 | BB5: 0 | BC5: =BB5-T5 -> 0 | BD5: =IF(BC5<0,1,0) -> 0 | BE5: =IF(BD5>=1,(AO5+BC5),AO5) -> 0
BA6: =SUM(AP6:AR6,U6:AN6,BE6) -> 0 | BB6: 0 | BC6: =BB6-T6 -> 0 | BD6: =IF(BC6<0,1,0) -> 0 | BE6: =IF(BD6>=1,(AO6+BC6),AO6) -> 0
BA7: =SUM(AP7:AR7,U7:AN7,BE7) -> 0 | BB7: 0 | BC7: =BB7-T7 -> 0 | BD7: =IF(BC7<0,1,0) -> 0 | BE7: =IF(BD7>=1,(AO7+BC7),AO7) -> 0
BA8: =SUM(AP8:AR8,U8:AN8,BE8) -> 0 | BB8: 0 | BC8: =BB8-T8 -> 0 | BD8: =IF(BC8<0,1,0) -> 0 | BE8: =IF(BD8>=1,(AO8+BC8),AO8) -> 0
BA9: =SUM(AP9:AR9,U9:AN9,BE9) -> 0 | BB9: 0 | BC9: =BB9-T9 -> 0 | BD9: =IF(BC9<0,1,0) -> 0 | BE9: =IF(BD9>=1,(AO9+BC9),AO9) -> 0
BA10: =SUM(AP10:AR10,U10:AN10,BE10) -> 0 | BB10: 0 | BC10: =BB10-T10 -> 0 | BD10: =IF(BC10<0,1,0) -> 0 | BE10: =IF(BD10>=1,(AO10+BC10),AO10) -> 0
BA11: =SUM(AP11:AR11,U11:AN11,BE11) -> 0 | BB11: 0 | BC11: =BB11-T11 -> 0 | BD11: =IF(BC11<0,1,0) -> 0 | BE11: =IF(BD11>=1,(AO11+BC11),AO11) -> 0
BA12: =SUM(AP12:AR12,U12:AN12,BE12) -> 0 | BB12: 0 | BC12: =BB12-T12 -> 0 | BD12: =IF(BC12<0,1,0) -> 0 | BE12: =IF(BD12>=1,(AO12+BC12),AO12) -> 0
BA13: =SUM(AP13:AR13,U13:AN13,BE13) -> 0 | BB13: 0 | BC13: =BB13-T13 -> 0 | BD13: =IF(BC13<0,1,0) -> 0 | BE13: =IF(BD13>=1,(AO13+BC13),AO13) -> 0
... BA349: =SUM(AP349:AR349,U349:AN349,BE349) -> 0 | BB349: 0 | BC349: =BB349-T349 -> 0 | BD349: =IF(BC349<0,1,0) -> 0 | BE349: =IF(BD349>=1,(AO349+BC349),AO349) -> 0
A350: =A2 -> 0 | B350: USAID Tujenge Jamii | C350: USAID Tujenge Jamii | D350: USAID Tujenge Jamii | E350: 11111 | F350: DSD | G350: =SUM(G2:G349) -> 0 | H350: =SUM(H2:H349) -> 0 | I350: =SUM(I2:I349) -> 0 | J350: =SUM(J2:J349) -> 0 | K350: =SUM(K2:K349) -> 0 | L350: =SUM(L2:L349) -> 0 | M350: =SUM(M2:M349) -> 0 | N350: =SUM(N2:N349) -> 0 | ... AW350: =SUM(AW2:AW349) -> 0 | AX350: 1 | AY350: 1 | AZ350: 1 | BA350: =SUM(BA2:BA349) -> 0 | BB350: =SUM(BB2:BB349) -> 0 | BC350: =SUM(BC2:BC349) -> 0 | BD350: =SUM(BD2:BD349) -> 0 | BE350: =SUM(BE2:BE349) -> 0

Sheet TX_TB
A1: period | B1: County | C1: Subcounty | D1: Facility | E1: mflcode | F1: SupportType | G1: Numerator | H1: Num newly started ART F Unknown Age | I1: Num newly started ART F <1 | J1: Num newly started ART F 1-4 | K1: Num newly started ART F 5-9 | L1: Num newly started ART F 10-14 | M1: Num newly started ART F 15-19 | N1: Num newly started ART F 20-24 | O1: Num newly started ART F 25-29 | P1: Num newly started ART F 30-34 | Q1: Num newly started ART F 35-39 | R1: Num newly started ART F 40-44 | S1: Num newly started ART F 45-49 | T1: Num newly started ART F 50-54 | U1: Num newly started ART F 55-59 | V1: Num newly started ART F 60-64 | W1: Num newly started ART F 65+ | X1: Num newly started ART M Unknown Age | Y1: Num newly started ART M <1 | Z1: Num newly started ART M 1-4 | AA1: Num newly started ART M 5-9 | AB1: Num newly started ART M 10-14 | AC1: Num newly started ART M 15-19 | AD1: Num newly started ART M 20-24 | AE1: Num newly started ART M 25-29 | AF1: Num newly started ART M 30-34 | AG1: Num newly started ART M 35-39 | AH1: Num newly started ART M 40-44 | AI1: Num newly started ART M 45-49 | AJ1: Num newly started ART M 50-54 | AK1: Num newly started ART M 55-59 | AL1: Num newly started ART M 60-64 | AM1: Num newly started ART M 65+ | AN1: Num Already on ART F Unknown Age | AO1: Num Already on ART F <1 | AP1: Num Already on ART F 1-4 | AQ1: Num Already on ART F 5-9 | AR1: Num Already on ART F 10-14 | AS1: Num Already on ART F 15-19 | AT1: Num Already on ART F 20-24 | AU1: Num Already on ART F 25-29 | AV1: Num Already on ART F 30-34 | AW1: Num Already on ART F 35-39 | AX1: Num Already on ART F 40-44 | AY1: Num Already on ART F 45-49 | AZ1: Num Already on ART F 50-54 | BA1: Num Already on ART F 55-59 | BB1: Num Already on ART F 60-64 | BC1: Num Already on ART F 65+ | BD1: Num Already on ART M Unknown Age | BE1: Num Already on ART M <1 | BF1: Num Already on ART M 1-4 | BG1: Num Already on ART M 5-9 | BH1: Num Already on ART M 10-14 | BI1: Num Already on ART M 15-19 | BJ1: Num Already on ART M 20-24 | BK1: Num Already on ART M 25-29 | BL1: Num Already on ART M 30-34 | BM1: Num Already on ART M 35-39 | BN1: Num Already on ART M 40-44 | BO1: Num Already on ART M 45-49 | BP1: Num Already on ART M 50-54 | BQ1: Num Already on ART M 55-59 | BR1: Num Already on ART M 60-64 | BS1: Num Already on ART M 65+ | BT1: Denominator | BU1: Den New on ART/Screen Positive F Unknown Age | BV1: Den New on ART/Screen Positive F <1 | BW1: Den New on ART/Screen Positive F 1-4 | BX1: Den New on ART/Screen Positive F 5-9 | BY1: Den New on ART/Screen Positive F 10-14 | BZ1: Den New on ART/Screen Positive F 15-19 | CA1: Den New on ART/Screen Positive F 20-24 | CB1: Den New on ART/Screen Positive F 25-29 | CC1: Den New on ART/Screen Positive F 30-34 | CD1: Den New on ART/Screen Positive F 35-39 | CE1: Den New on ART/Screen Positive F 40-44 | CF1: Den New on ART/Screen Positive F 45-49 | CG1: Den New on ART/Screen Positive F 50-54 | CH1: Den New on ART/Screen Positive F 55-59 | CI1: Den New on ART/Screen Positive F 60-64 | CJ1: Den New on ART/Screen Positive F 65+ | CK1: Den New on ART/Screen Positive M Unknown Age | CL1: Den New on ART/Screen Positive M <1 | CM1: Den New on ART/Screen Positive M 1-4 | CN1: Den New on ART/Screen Positive M 5-9 | CO1: Den New on ART/Screen Positive M 10-14 | CP1: Den New on ART/Screen Positive M 15-19 | CQ1: Den New on ART/Screen Positive M 20-24 | CR1: Den New on ART/Screen Positive M 25-29 | CS1: Den New on ART/Screen Positive M 30-34 | CT1: Den New on ART/Screen Positive M 35-39 | CU1: Den New on ART/Screen Positive M 40-44 | CV1: Den New on ART/Screen Positive M 45-49 | CW1: Den New on ART/Screen Positive M 50-54 | CX1: Den New on ART/Screen Positive M 55-59 | CY1: Den New on ART/Screen Positive M 60-64 | CZ1: Den New on ART/Screen Positive M 65+ | DA1: Den New on ART/Screen Negative F Unknown Age | DB1: Den New on ART/Screen Negative F <1 | DC1: Den New on ART/Screen Negative F 1-4 | DD1: Den New on ART/Screen Negative F 5-9 | DE1: Den New on ART/Screen Negative F 10-14 | DF1: Den New on ART/Screen Negative F 15-19 | DG1: Den New on ART/Screen Negative F 20-24 | DH1: Den New on ART/Screen Negative F 25-29 | DI1: Den New on ART/Screen Negative F 30-34 | DJ1: Den New on ART/Screen Negative F 35-39 | DK1: Den New on ART/Screen Negative F 40-44 | DL1: Den New on ART/Screen Negative F 45-49 | DM1: Den New on ART/Screen Negative F 50-54 | DN1: Den New on ART/Screen Negative F 55-59 | DO1: Den New on ART/Screen Negative F 60-64 | DP1: Den New on ART/Screen Negative F 65+ | DQ1: Den New on ART/Screen Negative M Unknown Age | DR1: Den New on ART/Screen Negative M <1 | DS1: Den New on ART/Screen Negative M 1-4 | DT1: Den New on ART/Screen Negative M 5-9 | DU1: Den New on ART/Screen Negative M 10-14 | DV1: Den New on ART/Screen Negative M 15-19 | DW1: Den New on ART/Screen Negative M 20-24 | DX1: Den New on ART/Screen Negative M 25-29 | DY1: Den New on ART/Screen Negative M 30-34 | DZ1: Den New on ART/Screen Negative M 35-39 | EA1: Den New on ART/Screen Negative M 40-44 | EB1: Den New on ART/Screen Negative M 45-49 | EC1: Den New on ART/Screen Negative M 50-54 | ED1: Den New on ART/Screen Negative M 55-59 | EE1: Den New on ART/Screen Negative M 60-64 | EF1: Den New on ART/Screen Negative M 65+ | EG1: Den Already on ART/Screen Positive F Unknown Age | EH1: Den Already on ART/Screen Positive F <1 | EI1: Den Already on ART/Screen Positive F 1-4 | EJ1: Den Already on ART/Screen Positive F 5-9 | EK1: Den Already on ART/Screen Positive F 10-14 | EL1: Den Already on ART/Screen Positive F 15-19 | EM1: Den Already on ART/Screen Positive F 20-24 | EN1: Den Already on ART/Screen Positive F 25-29 | EO1: Den Already on ART/Screen Positive F 30-34 | EP1: Den Already on ART/Screen Positive F 35-39 | EQ1: Den Already on ART/Screen Positive F 40-44 | ER1: Den Already on ART/Screen Positive F 45-49 | ES1: Den Already on ART/Screen Positive F 50-54 | ET1: Den Already on ART/Screen Positive F 55-59 | EU1: Den Already on ART/Screen Positive F 60-64 | EV1: Den Already on ART/Screen Positive F 65+ | EW1: Den Already on ART/Screen Positive M Unknown Age | EX1: Den Already on ART/Screen Positive M <1 | EY1: Den Already on ART/Screen Positive M 1-4 | EZ1: Den Already on ART/Screen Positive M 5-9 | FA1: Den Already on ART/Screen Positive M 10-14 | FB1: Den Already on ART/Screen Positive M 15-19 | FC1: Den Already on ART/Screen Positive M 20-24 | FD1: Den Already on ART/Screen Positive M 25-29 | FE1: Den Already on ART/Screen Positive M 30-34 | FF1: Den Already on ART/Screen Positive M 35-39 | FG1: Den Already on ART/Screen Positive M 40-44 | FH1: Den Already on ART/Screen Positive M 45-49 | FI1: Den Already on ART/Screen Positive M 50-54 | FJ1: Den Already on ART/Screen Positive M 55-59 | FK1: Den Already on ART/Screen Positive M 60-64 | FL1: Den Already on ART/Screen Positive M 65+ | FM1: Den Already on ART/Screen Negative F Unknown Age | FN1: Den Already on ART/Screen Negative F <1 | FO1: Den Already on ART/Screen Negative F 1-4 | FP1: Den Already on ART/Screen Negative F 5-9 | FQ1: Den Already on ART/Screen Negative F 10-14 | FR1: Den Already on ART/Screen Negative F 15-19 | FS1: Den Already on ART/Screen Negative F 20-24 | FT1: Den Already on ART/Screen Negative F 25-29 | FU1: Den Already on ART/Screen Negative F 30-34 | FV1: Den Already on ART/Screen Negative F 35-39 | FW1: Den Already on ART/Screen Negative F 40-44 | FX1: Den Already on ART/Screen Negative F 45-49 | FY1: Den Already on ART/Screen Negative F 50-54 | FZ1: Den Already on ART/Screen Negative F 55-59 | GA1: Den Already on ART/Screen Negative F 60-64 | GB1: Den Already on ART/Screen Negative F 65+ | GC1: Den Already on ART/Screen Negative M Unknown Age | GD1: Den Already on ART/Screen Negative M <1 | GE1: Den Already on ART/Screen Negative M 1-4 | GF1: Den Already on ART/Screen Negative M 5-9 | GG1: Den Already on ART/Screen Negative M 10-14 | GH1: Den Already on ART/Screen Negative M 15-19 | GI1: Den Already on ART/Screen Negative M 20-24 | GJ1: Den Already on ART/Screen Negative M 25-29 | GK1: Den Already on ART/Screen Negative M 30-34 | GL1: Den Already on ART/Screen Negative M 35-39 | GM1: Den Already on ART/Screen Negative M 40-44 | GN1: Den Already on ART/Screen Negative M 45-49 | GO1: Den Already on ART/Screen Negative M 50-54 | GP1: Den Already on ART/Screen Negative M 55-59 | GQ1: Den Already on ART/Screen Negative M 60-64 | GR1: Den Already on ART/Screen Negative M 65+ | GS1: Den TB Screening Type Symptom Screen Only | GT1: Den TB Screening Type Chest X-Ray | GU1: Den TB Screening Type Molecular WHO-Recommended Diagnostic Test(mWRD) | GV1: specimen sent for bacteriologic diagnosis of active TB disease | GW1: specimens were sent for Smear Microscopy Only | GX1: specimens were sent for mWRD: Molecular WHO-Recommended Diagnostic PCR (with or without other testing) | GY1: specimens were sent for Additional test other than mWRD | GZ1: Positive result returned for bacteriologic diagnosis of active TB disease | HA1: ART High Volume | HB1: HTC High Volume | HC1: PMTCT High Volume
A350: =A2 -> 0 | B350: USAID Tujenge Jamii | C350: USAID Tujenge Jamii | D350: USAID Tujenge Jamii | E350: 11111 | F350: DSD | G350: =SUM(G2:G349) -> 0 | H350: =SUM(H2:H349) -> 0 | I350: =SUM(I2:I349) -> 0 | J350: =SUM(J2:J349) -> 0 | K350: =SUM(K2:K349) -> 0 | L350: =SUM(L2:L349) -> 0 | M350: =SUM(M2:M349) -> 0 | N350: =SUM(N2:N349) -> 0 | ... GZ350: =SUM(GZ2:GZ349) -> 0 | HA350: 1 | HB350: 1 | HC350: 1

Sheet CXCA_TX
A1: period | B1: County | C1: sub_county | D1: Facility | E1: MFLCode | F1: Support Type | G1: Numerator | H1: Sub Total | I1: Unkown F | J1: 15-19 F | K1: 20-24 F | L1: 25-29 F | M1: 30-34 F | N1: 35-39 F | O1: 40-44 F | P1: 45-49 F | Q1: 50-54 F | R1: 55-59 F | S1: 60-64 F | T1: 65+ F | U1: Sub Total | V1: Unkown F | W1: 15-19 F | X1: 20-24 F | Y1: 25-29 F | Z1: 30-34 F | AA1: 35-39 F | AB1: 40-44 F | AC1: 45-49 F | AD1: 50-54 F | AE1: 55-59 F | AF1: 60-64 F | AG1: 65+ F | AH1: Sub Total | AI1: Unkown F | AJ1: 15-19 F | AK1: 20-24 F | AL1: 25-29 F | AM1: 30-34 F | AN1: 35-39 F | AO1: 40-44 F | AP1: 45-49 F | AQ1: 50-54 F | AR1: 55-59 F | AS1: 60-64 F | AT1: 65+ F | AU1: Sub Total | AV1: Sub Total | AW1: Unkown F | AX1: 15-19 F | AY1: 20-24 F | AZ1: 25-29 F | BA1: 30-34 F | BB1: 35-39 F | BC1: 40-44 F | BD1: 45-49 F | BE1: 50-54 F | BF1: 55-59 F | BG1: 60-64 F | BH1: 65+ F | BI1: Sub Total | BJ1: Unkown F | BK1: 15-19 F | BL1: 20-24 F | BM1: 25-29 F | BN1: 30-34 F | BO1: 35-39 F | BP1: 40-44 F | BQ1: 45-49 F | BR1: 50-54 F | BS1: 55-59 F | BT1: 60-64 F | BU1: 65+ F | BV1: Sub Total | BW1: Unkown F | BX1: 15-19 F | BY1: 20-24 F | BZ1: 25-29 F | CA1: 30-34 F | CB1: 35-39 F | CC1: 40-44 F | CD1: 45-49 F | CE1: 50-54 F | CF1: 55-59 F | CG1: 60-64 F | CH1: 65+ F | CI1: Sub Total | CJ1: Sub Total | CK1: Unkown F | CL1: 15-19 F | CM1: 20-24 F | CN1: 25-29 F | CO1: 30-34 F | CP1: 35-39 F | CQ1: 40-44 F | CR1: 45-49 F | CS1: 50-54 F | CT1: 55-59 F | CU1: 60-64 F | CV1: 65+ F | CW1: Sub Total | CX1: Unkown F | CY1: 15-19 F | CZ1: 20-24 F | DA1: 25-29 F | DB1: 30-34 F | DC1: 35-39 F | DD1: 40-44 F | DE1: 45-49 F | DF1: 50-54 F | DG1: 55-59 F | DH1: 60-64 F | DI1: 65+ F | DJ1: Sub Total | DK1: Unkown F | DL1: 15-19 F | DM1: 20-24 F | DN1: 25-29 F | DO1: 30-34 F | DP1: 35-39 F | DQ1: 40-44 F | DR1: 45-49 F | DS1: 50-54 F | DT1: 55-59 F | DU1: 60-64 F | DV1: 65+ F | DW1: Sub Total | DX1: ART High Volume | DY1: HTC High Volume | DZ1: PMTCT High Volume
A350: =A2 -> 0 | B350: USAID Tujenge Jamii | C350: USAID Tujenge Jamii | D350: USAID Tujenge Jamii | E350: 11111 | F350: DSD | G350: =SUM(G2:G349) -> 0 | H350: =SUM(H2:H349) -> 0 | I350: =SUM(I2:I349) -> 0 | J350: =SUM(J2:J349) -> 0 | K350: =SUM(K2:K349) -> 0 | L350: =SUM(L2:L349) -> 0 | M350: =SUM(M2:M349) -> 0 | N350: =SUM(N2:N349) -> 0 | ... DW350: =SUM(DW2:DW349) -> 0 | DX350: 1 | DY350: 1 | DZ350: 1

Sheet TX_HIV_HTN
A1: period | B1: County | C1: sub_county | D1: Facility | E1: MFLCode | F1: Support Type | G1: Num Unkown F | H1: Num 15-19 F | I1: Num 20-24 F | J1: Num 25-29 F | K1: Num 30-34 F | L1: Num 35-39 F | M1: Num 40-44 F | N1: Num 45-49 F | O1: Num 50-54 F | P1: Num 55-59 F | Q1: Num 60-64 F | R1: Num 65+ F | S1: Num Unkown M | T1: Num 15-19 M | U1: Num 20-24 M | V1: Num 25-29 M | W1: Num 30-34 M | X1: Num 35-39 M | Y1: Num 40-44 M | Z1: Num 45-49 M | AA1: Num 50-54 M | AB1: Num 55-59 M | AC1: Num 60-64 M | AD1: Num 65+ M | AE1: Den Unkown F | AF1: Den 15-19 F | AG1: Den 20-24 F | AH1: Den 25-29 F | AI1: Den 30-34 F | AJ1: Den 35-39 F | AK1: Den 40-44 F | AL1: Den 45-49 F | AM1: Den 50-54 F | AN1: Den 55-59 F | AO1: Den 60-64 F | AP1: Den 65+ F | AQ1: Den Unkown M | AR1: Den 15-19 M | AS1: Den 20-24 M | AT1: Den 25-29 M | AU1: Den 30-34 M | AV1: Den 35-39 M | AW1: Den 40-44 M | AX1: Den 45-49 M | AY1: Den 50-54 M | AZ1: Den 55-59 M | BA1: Den 60-64 M | BB1: Den 65+ M | BC1: ART High Volume | BD1: HTC High Volume | BE1: PMTCT High Volume
A350: =A2 -> 0 | B350: USAID Tujenge Jamii | C350: USAID Tujenge Jamii | D350: USAID Tujenge Jamii | E350: 11111 | F350: DSD | G350: =SUM(G2:G349) -> 0 | H350: =SUM(H2:H349) -> 0 | I350: =SUM(I2:I349) -> 0 | J350: =SUM(J2:J349) -> 0 | K350: =SUM(K2:K349) -> 0 | L350: =SUM(L2:L349) -> 0 | M350: =SUM(M2:M349) -> 0 | N350: =SUM(N2:N349) -> 0 | ... BB350: =SUM(BB2:BB349) -> 0 | BC350: 1 | BD350: 1 | BE350: 1

Sheet Viral Suppression
B2: Facility Name: | C2: =Prevention!D2 -> USAID Tujenge Jamii | G2: =IFERROR(VLOOKUP(C2,Facilities!F1:H300,2,FALSE),"") | H2: Support Type | K2: =Treatment!K2 | M2: Period | N2: =TX_PVLS!A2 -> 0
B4: If MER Results data is unable to be disaggregated by DSD or TA support type, please report ALL data under the TA Support Type
B6: =CONCATENATE(K2,": TX_PVLS (Numerator)") -> : TX_PVLS (Numerator)
B7: Auto-Calculate | D7: Number of adults and pediatric patients on ART with suppressed viral load results (<1,000 copies/ml) documented in the medical records and/or supporting laboratory results within the past 12 months. Numerator will auto-calculate from the Indication Disaggregates.
B10: Numerator | C10: =IF(SUM(C24)=0,"subtotal",SUM(C24)) -> subtotal
B12: Required | D12: Disaggregated by Age / Sex / Testing Indication (Fine Disaggregate). Must complete finer disaggregates unless permitted by program.
C14: Unknown Age | D14: <1 | E14: 1-4 | F14: 5-9 | G14: 10-14 | H14: 15-19 | I14: 20-24 | J14: 25-29 | K14: 30-34 | L14: 35-39 | M14: 40-44 | N14: 45-49 | O14: 50-54 | P14: 55-59 | Q14: 60-65 | R14: 65+
B16: Female | C16: =SUMPRODUCT(($G$2=TX_PVLS!$E$2:$E$350)*(TX_PVLS!H$2:H$350)) -> 0 | D16: =SUMPRODUCT(($G$2=TX_PVLS!$E$2:$E$350)*(TX_PVLS!I$2:I$350)) -> 0 | E16: =SUMPRODUCT(($G$2=TX_PVLS!$E$2:$E$350)*(TX_PVLS!J$2:J$350)) -> 0 | F16: =SUMPRODUCT(($G$2=TX_PVLS!$E$2:$E$350)*(TX_PVLS!K$2:K$350)) -> 0 | G16: =SUMPRODUCT(($G$2=TX_PVLS!$E$2:$E$350)*(TX_PVLS!L$2:L$350)) -> 0 | H16: =SUMPRODUCT(($G$2=TX_PVLS!$E$2:$E$350)*(TX_PVLS!M$2:M$350)) -> 0 | I16: =SUMPRODUCT(($G$2=TX_PVLS!$E$2:$E$350)*(TX_PVLS!N$2:N$350)) -> 0 | J16: =SUMPRODUCT(($G$2=TX_PVLS!$E$2:$E$350)*(TX_PVLS!O$2:O$350)) -> 0 | ... R16: =SUMPRODUCT(($G$2=TX_PVLS!$E$2:$E$350)*(TX_PVLS!W$2:W$350)) -> 0 | T16: =IF(SUM(C16:R16)=0,"subtotal",SUM(C16:R16)) -> subtotal
C18: Unknown Age | D18: <1 | E18: 1-4 | F18: 5-9 | G18: 10-14 | H18: 15-19 | I18: 20-24 | J18: 25-29 | K18: 30-34 | L18: 35-39 | M18: 40-44 | N18: 45-49 | O18: 50-54 | P18: 55-59 | Q18: 60-65 | R18: 65+
B21: Male | C21: =SUMPRODUCT(($G$2=TX_PVLS!$E$2:$E$350)*(TX_PVLS!Y$2:Y$350)) -> 0 | D21: =SUMPRODUCT(($G$2=TX_PVLS!$E$2:$E$350)*(TX_PVLS!Z$2:Z$350)) -> 0 | E21: =SUMPRODUCT(($G$2=TX_PVLS!$E$2:$E$350)*(TX_PVLS!AA$2:AA$350)) -> 0 | F21: =SUMPRODUCT(($G$2=TX_PVLS!$E$2:$E$350)*(TX_PVLS!AB$2:AB$350)) -> 0 | G21: =SUMPRODUCT(($G$2=TX_PVLS!$E$2:$E$350)*(TX_PVLS!AC$2:AC$350)) -> 0 | H21: =SUMPRODUCT(($G$2=TX_PVLS!$E$2:$E$350)*(TX_PVLS!AD$2:AD$350)) -> 0 | I21: =SUMPRODUCT(($G$2=TX_PVLS!$E$2:$E$350)*(TX_PVLS!AE$2:AE$350)) -> 0 | J21: =SUMPRODUCT(($G$2=TX_PVLS!$E$2:$E$350)*(TX_PVLS!AF$2:AF$350)) -> 0 | ... R21: =SUMPRODUCT(($G$2=TX_PVLS!$E$2:$E$350)*(TX_PVLS!AN$2:AN$350)) -> 0 | T21: =IF(SUM(C21:R21)=0,"subtotal",SUM(C21:R21)) -> subtotal
B24: Sub-Total | C24: =IF(SUM(C16:R16,C21:R21)=0,"subtotal",SUM(C16:R16,C21:R21)) -> subtotal
B26: Required | D26: Disaggregated by Preg / BF / Indication
B29: Pregnant | D29: =SUMPRODUCT(($G$2=TX_PVLS!$E$2:$E$350)*(TX_PVLS!AQ$2:AQ$350)) -> 0
B32: BreastFeeding | D32: =SUMPRODUCT(($G$2=TX_PVLS!$E$2:$E$350)*(TX_PVLS!AR$2:AR$350)) -> 0
B34: Required | D34: Disaggregated by key population type. Data on key populations should be reported in both the "Disaggregated by key population type" section and the "Disaggregated by Age/Sex/Testing Indication" section.
D37: PWID | G37: =SUMPRODUCT(($G$2=TX_PVLS!$E$2:$E$350)*(TX_PVLS!AS$2:AS$350)) -> 0
D40: MSM | G40: =SUMPRODUCT(($G$2=TX_PVLS!$E$2:$E$350)*(TX_PVLS!AT$2:AT$350)) -> 0
C43: Transgender People | G43: =SUMPRODUCT(($G$2=TX_PVLS!$E$2:$E$350)*(TX_PVLS!AU$2:AU$350)) -> 0
D46: FSW | G46: =SUMPRODUCT(($G$2=TX_PVLS!$E$2:$E$350)*(TX_PVLS!AV$2:AV$350)) -> 0
B49: People in prison and other closed setting | G49: =SUMPRODUCT(($G$2=TX_PVLS!$E$2:$E$350)*(TX_PVLS!AW$2:AW$350)) -> 0
B66: Facility Name: | C66: =C2 -> USAID Tujenge Jamii | H66: Support Type | K66: =K2 | M66: Period | N66: =N2 -> 0
B68: =CONCATENATE(K2,": TX_PVLS (Denominator)") -> : TX_PVLS (Denominator)
B69: Auto-Calculate | D69: Number of adult and pediatric ART patients with a viral load result documented in the patient medical record and /or laboratory records in the past 12 months.
B72: Denominator | C72: =IF(SUM(C86)=0,"subtotal",SUM(C86)) -> subtotal
B74: Required | D74: Disaggregated by Age / Sex / Testing Indication (Fine Disaggregate). Must complete finer disaggregates unless permitted by program
B76: Female | C76: Unknown Age | D76: <1 | E76: 1-4 | F76: 5-9 | G76: 10-14 | H76: 15-19 | I76: 20-24 | J76: 25-29 | K76: 30-34 | L76: 35-39 | M76: 40-44 | N76: 45-49 | O76: 50-54 | P76: 55-59 | Q76: 60-65 | R76: 65+
C78: =SUMPRODUCT(($G$2=TX_PVLS!$E$2:$E$350)*(TX_PVLS!AY$2:AY$350)) -> 0 | D78: =SUMPRODUCT(($G$2=TX_PVLS!$E$2:$E$350)*(TX_PVLS!AZ$2:AZ$350)) -> 0 | E78: =SUMPRODUCT(($G$2=TX_PVLS!$E$2:$E$350)*(TX_PVLS!BA$2:BA$350)) -> 0 | F78: =SUMPRODUCT(($G$2=TX_PVLS!$E$2:$E$350)*(TX_PVLS!BB$2:BB$350)) -> 0 | G78: =SUMPRODUCT(($G$2=TX_PVLS!$E$2:$E$350)*(TX_PVLS!BC$2:BC$350)) -> 0 | H78: =SUMPRODUCT(($G$2=TX_PVLS!$E$2:$E$350)*(TX_PVLS!BD$2:BD$350)) -> 0 | I78: =SUMPRODUCT(($G$2=TX_PVLS!$E$2:$E$350)*(TX_PVLS!BE$2:BE$350)) -> 0 | J78: =SUMPRODUCT(($G$2=TX_PVLS!$E$2:$E$350)*(TX_PVLS!BF$2:BF$350)) -> 0 | ... R78: =SUMPRODUCT(($G$2=TX_PVLS!$E$2:$E$350)*(TX_PVLS!BN$2:BN$350)) -> 0 | T78: =IF(SUM(C78:R78)=0,"subtotal",SUM(C78:R78)) -> subtotal
B81: Male | C81: Unknown Age | D81: <1 | E81: 1-4 | F81: 5-9 | G81: 10-14 | H81: 15-19 | I81: 20-24 | J81: 25-29 | K81: 30-34 | L81: 35-39 | M81: 40-44 | N81: 45-49 | O81: 50-54 | P81: 55-59 | Q81: 60-65 | R81: 65+
C83: =SUMPRODUCT(($G$2=TX_PVLS!$E$2:$E$350)*(TX_PVLS!BP$2:BP$350)) -> 0 | D83: =SUMPRODUCT(($G$2=TX_PVLS!$E$2:$E$350)*(TX_PVLS!BQ$2:BQ$350)) -> 0 | E83: =SUMPRODUCT(($G$2=TX_PVLS!$E$2:$E$350)*(TX_PVLS!BR$2:BR$350)) -> 0 | F83: =SUMPRODUCT(($G$2=TX_PVLS!$E$2:$E$350)*(TX_PVLS!BS$2:BS$350)) -> 0 | G83: =SUMPRODUCT(($G$2=TX_PVLS!$E$2:$E$350)*(TX_PVLS!BT$2:BT$350)) -> 0 | H83: =SUMPRODUCT(($G$2=TX_PVLS!$E$2:$E$350)*(TX_PVLS!BU$2:BU$350)) -> 0 | I83: =SUMPRODUCT(($G$2=TX_PVLS!$E$2:$E$350)*(TX_PVLS!BV$2:BV$350)) -> 0 | J83: =SUMPRODUCT(($G$2=TX_PVLS!$E$2:$E$350)*(TX_PVLS!BW$2:BW$350)) -> 0 | ... R83: =SUMPRODUCT(($G$2=TX_PVLS!$E$2:$E$350)*(TX_PVLS!CE$2:CE$350)) -> 0 | T83: =IF(SUM(C83:R83)=0,"subtotal",SUM(C83:R83)) -> subtotal
B86: Subtotal : | C86: =IF(SUM(C78:R78,C83:R83)=0,"subtotal",SUM(C78:R78,C83:R83)) -> subtotal
B88: Required | D88: Disaggregated by Preg / BF / Indication
B91: Pregnant | D91: =SUMPRODUCT(($G$2=TX_PVLS!$E$2:$E$350)*(TX_PVLS!CH$2:CH$350)) -> 0
B94: BreastFeeding | D94: =SUMPRODUCT(($G$2=TX_PVLS!$E$2:$E$350)*(TX_PVLS!CI$2:CI$350)) -> 0
B96: Required | D96: Disaggregated by key population type. Data on key populations should be reported in both the "Disaggregated by key population type" section and the "Disaggregated by Age/Sex/Testing Indication" section.
D99: PWID | G99: =SUMPRODUCT(($G$2=TX_PVLS!$E$2:$E$350)*(TX_PVLS!CJ$2:CJ$350)) -> 0
D102: MSM | G102: =SUMPRODUCT(($G$2=TX_PVLS!$E$2:$E$350)*(TX_PVLS!CK$2:CK$350)) -> 0
C105: Transgender People | G105: =SUMPRODUCT(($G$2=TX_PVLS!$E$2:$E$350)*(TX_PVLS!CL$2:CL$350)) -> 0
D108: FSW | G108: =SUMPRODUCT(($G$2=TX_PVLS!$E$2:$E$350)*(TX_PVLS!CM$2:CM$350)) -> 0
B111: People in prison and other closed setting | G111: =SUMPRODUCT(($G$2=TX_PVLS!$E$2:$E$350)*(TX_PVLS!CN$2:CN$350)) -> 0

Sheet TX_PVLS
A1: period | B1: County | C1: Sub County | D1: Health Facility | E1: MFLCode | F1: Support Type | G1: Numerator | H1: Num RTN Unknown F | I1: Num RTN <1 F | J1: Num RTN 1-4 F | K1: Num RTN 5-9 F | L1: Num RTN 10-14 F | M1: Num RTN 15-19 F | N1: Num RTN 20-24 F | O1: Num RTN 25-29 F | P1: Num RTN 30-34 F | Q1: Num RTN 35-39 F | R1: Num RTN 40-44 F | S1: Num RTN 45-49 F | T1: Num RTN 50-54 F | U1: Num RTN 55-59 F | V1: Num RTN 60-64 F | W1: Num RTN 65+ F | X1: Num Routine F Subtotal | Y1: Num RTN Unknown M | Z1: Num RTN <1 M | AA1: Num RTN 1-4 M | AB1: Num RTN 5-9 M | AC1: Num RTN 10-14 M | AD1: Num RTN 15-19 M | AE1: Num RTN 20-24 M | AF1: Num RTN 25-29 M | AG1: Num RTN 30-34 M | AH1: Num RTN 35-39 M | AI1: Num RTN 40-44 M | AJ1: Num RTN 45-49 M | AK1: Num RTN 50-54 M | AL1: Num RTN 55-59 M | AM1: Num RTN 60-64 M | AN1: Num RTN 65+ M | AO1: Num Routine M Subtotal | AP1: Num Routine Subtotal | AQ1: Num Pregnant Routine | AR1: Num Breastfeeding Routine | AS1: Num PWID Routine | AT1: Num MSM Routine | AU1: Num Transgender Routine | AV1: Num FSW Routine | AW1: Num People in prison and other closed settings Routine | AX1: Denominator | AY1: Den RTN Unknown F | AZ1: Den RTN <1 F | BA1: Den RTN 1-4 F | BB1: Den RTN 5-9 F | BC1: Den RTN 10-14 F | BD1: Den RTN 15-19 F | BE1: Den RTN 20-24 F | BF1: Den RTN 25-29 F | BG1: Den RTN 30-34 F | BH1: Den RTN 35-39 F | BI1: Den RTN 40-44 F | BJ1: Den RTN 45-49 F | BK1: Den RTN 50-54 F | BL1: Den RTN 55-59 F | BM1: Den RTN 60-64 F | BN1: Den RTN 65+ F | BO1: Den Routine F Subtotal | BP1: Den RTN Unknown M | BQ1: Den RTN <1 M | BR1: Den RTN 1-4 M | BS1: Den RTN 5-9 M | BT1: Den RTN 10-14 M | BU1: Den RTN 15-19 M | BV1: Den RTN 20-24 M | BW1: Den RTN 25-29 M | BX1: Den RTN 30-34 M | BY1: Den RTN 35-39 M | BZ1: Den RTN 40-44 M | CA1: Den RTN 45-49 M | CB1: Den RTN 50-54 M | CC1: Den RTN 55-59 M | CD1: Den RTN 60-64 M | CE1: Den RTN 65+ M | CF1: Den Routine M Subtotal | CG1: Den Routine Subtotal | CH1: Den Pregnant Routine | CI1: Den Breastfeeding Routine | CJ1: Den PWID Routine | CK1: Den MSM Routine | CL1: Den Transgender Routine | CM1: Den FSW Routine | CN1: Den People in prison and other closed settings Routine | CO1: ART High Volume | CP1: HTC High Volume | CQ1: PMTCT High Volume | CR1: Reporting source | CS1: TGT Num vs KP Validation | CT1: TGT Picked Site | CU1: RTN Num vs KP Validation | CV1: TGT Picked Site | CW1: TGT Den vs KP Validation | CX1: Den TGT Picked Site | CY1: RTN Den vs KP Validation | CZ1: Den TGT Picked Site
CS2: 0 | CT2: =IF(CS2<0,$D2&",","") | CU2: =AP2-SUM(AS2,AT2,AU2,AV2,AW2) -> 0 | CV2: =IF(CU2<0,$D2&",","") | CW2: 0 | CX2: =IF(CW2<0,$D2&",","") | CY2: =CG2-SUM(CJ2,CK2,CL2,CM2,CN2) -> 0 | CZ2: =IF(CY2<0,$D2&",","")
CS3: 0 | CT3: =IF(CS3<0,$D3&",","") | CU3: =AP3-SUM(AS3,AT3,AU3,AV3,AW3) -> 0 | CV3: =IF(CU3<0,$D3&",","") | CW3: 0 | CX3: =IF(CW3<0,$D3&",","") | CY3: =CG3-SUM(CJ3,CK3,CL3,CM3,CN3) -> 0 | CZ3: =IF(CY3<0,$D3&",","")
